"CAN_SUT_item","CAN_SUT_code","FABIO_item","FABIO_item_code","FABIO_comm_code","ISIC","comments"
"Canola","MPG111A01","Rape and Mustardseed",2558,"c024","A",
"Oilseeds (except canola)","MPG111A02","Soyabeans",2555,"c021","A",
"Oilseeds (except canola)","MPG111A02","Groundnuts",2552,"c022","A",
"Oilseeds (except canola)","MPG111A02","Sunflower seed",2557,"c023","A",
"Oilseeds (except canola)","MPG111A02","Sesame seed",2561,"c027","A",
"Oilseeds (except canola)","MPG111A02","Oilcrops, Other",2570,"c030","A",
"Wheat","MPG111A03","Wheat and products",2511,"c002","A",
"Grains (except wheat)","MPG111A04","Rice and products",2807,"c001","A",
"Grains (except wheat)","MPG111A04","Barley and products",2513,"c003","A",
"Grains (except wheat)","MPG111A04","Maize and products",2514,"c004","A",
"Grains (except wheat)","MPG111A04","Rye and products",2515,"c005","A",
"Grains (except wheat)","MPG111A04","Oats",2516,"c006","A",
"Grains (except wheat)","MPG111A04","Millet and products",2517,"c007","A",
"Grains (except wheat)","MPG111A04","Sorghum and products",2518,"c008","A",
"Grains (except wheat)","MPG111A04","Cereals, Other",2520,"c009","A",
"Potatoes","MPG111A05","Potatoes and products",2531,"c010","A",
"Fruits and tree nuts","MPG111A06","Nuts and products",2551,"c020","A",
"Fruits and tree nuts","MPG111A06","Oranges, Mandarines",2611,"c034","A",
"Fruits and tree nuts","MPG111A06","Lemons, Limes and products",2612,"c035","A",
"Fruits and tree nuts","MPG111A06","Grapefruit and products",2613,"c036","A",
"Fruits and tree nuts","MPG111A06","Citrus, Other",2614,"c037","A",
"Fruits and tree nuts","MPG111A06","Bananas",2615,"c038","A",
"Fruits and tree nuts","MPG111A06","Plantains",2616,"c039","A",
"Fruits and tree nuts","MPG111A06","Apples and products",2617,"c040","A",
"Fruits and tree nuts","MPG111A06","Pineapples and products",2618,"c041","A",
"Fruits and tree nuts","MPG111A06","Dates",2619,"c042","A",
"Fruits and tree nuts","MPG111A06","Grapes and products (excl wine)",2620,"c043","A",
"Fruits and tree nuts","MPG111A06","Fruits, Other",2625,"c044","A",
"Fresh fruit and nuts","MPG111A10","Nuts and products",2551,"c020","A","vintage recode of MPG111A06 Fruits and tree nuts (MPG111A06: 2010-2012, MPG111A10: 2013-2022)"
"Fresh fruit and nuts","MPG111A10","Oranges, Mandarines",2611,"c034","A","vintage recode of MPG111A06 Fruits and tree nuts (MPG111A06: 2010-2012, MPG111A10: 2013-2022)"
"Fresh fruit and nuts","MPG111A10","Lemons, Limes and products",2612,"c035","A","vintage recode of MPG111A06 Fruits and tree nuts (MPG111A06: 2010-2012, MPG111A10: 2013-2022)"
"Fresh fruit and nuts","MPG111A10","Grapefruit and products",2613,"c036","A","vintage recode of MPG111A06 Fruits and tree nuts (MPG111A06: 2010-2012, MPG111A10: 2013-2022)"
"Fresh fruit and nuts","MPG111A10","Citrus, Other",2614,"c037","A","vintage recode of MPG111A06 Fruits and tree nuts (MPG111A06: 2010-2012, MPG111A10: 2013-2022)"
"Fresh fruit and nuts","MPG111A10","Bananas",2615,"c038","A","vintage recode of MPG111A06 Fruits and tree nuts (MPG111A06: 2010-2012, MPG111A10: 2013-2022)"
"Fresh fruit and nuts","MPG111A10","Plantains",2616,"c039","A","vintage recode of MPG111A06 Fruits and tree nuts (MPG111A06: 2010-2012, MPG111A10: 2013-2022)"
"Fresh fruit and nuts","MPG111A10","Apples and products",2617,"c040","A","vintage recode of MPG111A06 Fruits and tree nuts (MPG111A06: 2010-2012, MPG111A10: 2013-2022)"
"Fresh fruit and nuts","MPG111A10","Pineapples and products",2618,"c041","A","vintage recode of MPG111A06 Fruits and tree nuts (MPG111A06: 2010-2012, MPG111A10: 2013-2022)"
"Fresh fruit and nuts","MPG111A10","Dates",2619,"c042","A","vintage recode of MPG111A06 Fruits and tree nuts (MPG111A06: 2010-2012, MPG111A10: 2013-2022)"
"Fresh fruit and nuts","MPG111A10","Grapes and products (excl wine)",2620,"c043","A","vintage recode of MPG111A06 Fruits and tree nuts (MPG111A06: 2010-2012, MPG111A10: 2013-2022)"
"Fresh fruit and nuts","MPG111A10","Fruits, Other",2625,"c044","A","vintage recode of MPG111A06 Fruits and tree nuts (MPG111A06: 2010-2012, MPG111A10: 2013-2022)"
"Other crop products","MPG111A07","Rubber",2672,"c060","A",
"Other crop products","MPG111A07","Cassava and products",2532,"c011","A",
"Other crop products","MPG111A07","Yams",2535,"c014","A",
"Other crop products","MPG111A07","Sugar cane",2536,"c015","A",
"Other crop products","MPG111A07","Sugar beet",2537,"c016","A",
"Other crop products","MPG111A07","Beans",2546,"c017","A",
"Other crop products","MPG111A07","Peas",2547,"c018","A",
"Other crop products","MPG111A07","Pulses, Other and products",2549,"c019","A",
"Other crop products","MPG111A07","Seed cotton",328,"c025","A",
"Other crop products","MPG111A07","Coconuts - Incl Copra",2560,"c026","A",
"Other crop products","MPG111A07","Oil, palm fruit",254,"c028","A",
"Other crop products","MPG111A07","Olives (including preserved)",2563,"c029","A",
"Other crop products","MPG111A07","Hops",677,"c048","A",
"Other crop products","MPG111A07","Pepper",2640,"c049","A",
"Other crop products","MPG111A07","Pimento",2641,"c050","A",
"Other crop products","MPG111A07","Cloves",2642,"c051","A",
"Other crop products","MPG111A07","Spices, Other",2645,"c052","A",
"Other crop products","MPG111A07","Jute",2662,"c053","A",
"Other crop products","MPG111A07","Jute-Like Fibres",2663,"c054","A",
"Other crop products","MPG111A07","Soft-Fibres, Other",2664,"c055","A",
"Other crop products","MPG111A07","Sisal",2665,"c056","A",
"Other crop products","MPG111A07","Abaca",2666,"c057","A",
"Other crop products","MPG111A07","Hard Fibres, Other",2667,"c058","A",
"Other miscellaneous crop products","MPG111A11","Rubber",2672,"c060","A","vintage recode of MPG111A07 Other crop products (MPG111A07: 2010-2012, MPG111A11: 2013-2022)"
"Other miscellaneous crop products","MPG111A11","Cassava and products",2532,"c011","A","vintage recode of MPG111A07 Other crop products (MPG111A07: 2010-2012, MPG111A11: 2013-2022)"
"Other miscellaneous crop products","MPG111A11","Yams",2535,"c014","A","vintage recode of MPG111A07 Other crop products (MPG111A07: 2010-2012, MPG111A11: 2013-2022)"
"Other miscellaneous crop products","MPG111A11","Sugar cane",2536,"c015","A","vintage recode of MPG111A07 Other crop products (MPG111A07: 2010-2012, MPG111A11: 2013-2022)"
"Other miscellaneous crop products","MPG111A11","Sugar beet",2537,"c016","A","vintage recode of MPG111A07 Other crop products (MPG111A07: 2010-2012, MPG111A11: 2013-2022)"
"Other miscellaneous crop products","MPG111A11","Beans",2546,"c017","A","vintage recode of MPG111A07 Other crop products (MPG111A07: 2010-2012, MPG111A11: 2013-2022)"
"Other miscellaneous crop products","MPG111A11","Peas",2547,"c018","A","vintage recode of MPG111A07 Other crop products (MPG111A07: 2010-2012, MPG111A11: 2013-2022)"
"Other miscellaneous crop products","MPG111A11","Pulses, Other and products",2549,"c019","A","vintage recode of MPG111A07 Other crop products (MPG111A07: 2010-2012, MPG111A11: 2013-2022)"
"Other miscellaneous crop products","MPG111A11","Seed cotton",328,"c025","A","vintage recode of MPG111A07 Other crop products (MPG111A07: 2010-2012, MPG111A11: 2013-2022)"
"Other miscellaneous crop products","MPG111A11","Coconuts - Incl Copra",2560,"c026","A","vintage recode of MPG111A07 Other crop products (MPG111A07: 2010-2012, MPG111A11: 2013-2022)"
"Other miscellaneous crop products","MPG111A11","Oil, palm fruit",254,"c028","A","vintage recode of MPG111A07 Other crop products (MPG111A07: 2010-2012, MPG111A11: 2013-2022)"
"Other miscellaneous crop products","MPG111A11","Olives (including preserved)",2563,"c029","A","vintage recode of MPG111A07 Other crop products (MPG111A07: 2010-2012, MPG111A11: 2013-2022)"
"Other miscellaneous crop products","MPG111A11","Hops",677,"c048","A","vintage recode of MPG111A07 Other crop products (MPG111A07: 2010-2012, MPG111A11: 2013-2022)"
"Other miscellaneous crop products","MPG111A11","Pepper",2640,"c049","A","vintage recode of MPG111A07 Other crop products (MPG111A07: 2010-2012, MPG111A11: 2013-2022)"
"Other miscellaneous crop products","MPG111A11","Pimento",2641,"c050","A","vintage recode of MPG111A07 Other crop products (MPG111A07: 2010-2012, MPG111A11: 2013-2022)"
"Other miscellaneous crop products","MPG111A11","Cloves",2642,"c051","A","vintage recode of MPG111A07 Other crop products (MPG111A07: 2010-2012, MPG111A11: 2013-2022)"
"Other miscellaneous crop products","MPG111A11","Spices, Other",2645,"c052","A","vintage recode of MPG111A07 Other crop products (MPG111A07: 2010-2012, MPG111A11: 2013-2022)"
"Other miscellaneous crop products","MPG111A11","Jute",2662,"c053","A","vintage recode of MPG111A07 Other crop products (MPG111A07: 2010-2012, MPG111A11: 2013-2022)"
"Other miscellaneous crop products","MPG111A11","Jute-Like Fibres",2663,"c054","A","vintage recode of MPG111A07 Other crop products (MPG111A07: 2010-2012, MPG111A11: 2013-2022)"
"Other miscellaneous crop products","MPG111A11","Soft-Fibres, Other",2664,"c055","A","vintage recode of MPG111A07 Other crop products (MPG111A07: 2010-2012, MPG111A11: 2013-2022)"
"Other miscellaneous crop products","MPG111A11","Sisal",2665,"c056","A","vintage recode of MPG111A07 Other crop products (MPG111A07: 2010-2012, MPG111A11: 2013-2022)"
"Other miscellaneous crop products","MPG111A11","Abaca",2666,"c057","A","vintage recode of MPG111A07 Other crop products (MPG111A07: 2010-2012, MPG111A11: 2013-2022)"
"Other miscellaneous crop products","MPG111A11","Hard Fibres, Other",2667,"c058","A","vintage recode of MPG111A07 Other crop products (MPG111A07: 2010-2012, MPG111A11: 2013-2022)"
"Vegetables (except potatoes)","MPG111A08","Sweet potatoes",2533,"c012","A",
"Vegetables (except potatoes)","MPG111A08","Roots, Other",2534,"c013","A",
"Vegetables (except potatoes)","MPG111A08","Tomatoes and products",2601,"c031","A",
"Vegetables (except potatoes)","MPG111A08","Onions",2602,"c032","A",
"Vegetables (except potatoes)","MPG111A08","Vegetables, Other",2605,"c033","A",
"Imputed feed (animal feed produced for own consumption)","IMG111A09","Fodder crops",2000,"c061","A",
"Nursery and floriculture products","MPG111400",,,,,
"Cattle and calves","MPG112001","Cattle",866,"c096","A",
"Unprocessed fluid milk","MPG112002","Milk - Excluding Butter",2848,"c109","A",
"Hogs","MPG112003","Pigs",1034,"c100","A",
"Eggs in shell","MPG112004","Eggs",2744,"c111","A",
"Live poultry","MPG112005","Poultry Birds",2029,"c101","A",
"Other miscellaneous live animals","MPG112006","Buffaloes",946,"c097","A",
"Other miscellaneous live animals","MPG112006","Sheep",976,"c098","A",
"Other miscellaneous live animals","MPG112006","Goats",1016,"c099","A",
"Other miscellaneous live animals","MPG112006","Horses",1096,"c102","A",
"Other miscellaneous live animals","MPG112006","Asses",1107,"c103","A",
"Other miscellaneous live animals","MPG112006","Mules",1110,"c104","A",
"Other miscellaneous live animals","MPG112006","Camels",1126,"c105","A",
"Other miscellaneous live animals","MPG112006","Camelids, other",1157,"c106","A",
"Other miscellaneous live animals","MPG112006","Rabbits and hares",1140,"c107","A",
"Other miscellaneous live animals","MPG112006","Rodents, other",1150,"c108","A",
"Raw furskins and animal production not elsewhere classified","MPG112007","Wool (Clean Eq.)",2746,"c112","A",
"Raw furskins and animal production not elsewhere classified","MPG112007","Honey",2745,"c121","A",
"Raw furskins and animal production not elsewhere classified","MPG112007","Silk",2747,"c122","A",
"Imputed fertilizer (fertilizer produced for own consumption)","IMG112008",,,,,
"Logs","MPG113001",,,,,
"Pulpwood","MPG113002",,,,,
"Fuel wood","ENE113003",,,,,
"Rough untreated poles, posts and piling","MPG113004",,,,,
"Fish and seafood, live, fresh, chilled or frozen","MPG114000","Fish, Seafood",2960,"c123","A",
"Custom work, agriculture, forestry, fishing and hunting services","MPS11X000",,,,,
"Support services for crop production","MPS115A01",,,,,
"Support services for animal production, hunting and fishing","MPS115A02",,,,,
"Support services for forestry","MPS115300",,,,,
"Conventional and synthetic crude oil","ENE211101",,,,,
"Natural gas","ENE211102",,,,,
"Natural gas liquids and related products","ENE211103",,,,,
"Crude and diluted bitumen","ENE211104",,,,,
"Coal","ENE212100",,,,,
"Iron ores and concentrates","MPG212210",,,,,
"Gold and silver ores and concentrates","MPG212220",,,,,
"Copper ores and concentrates","MPG212231",,,,,
"Nickel ores and concentrates","MPG212232",,,,,
"Lead and zinc ores and concentrates","MPG212233",,,,,
"Radioactive ores and concentrates","MPG212291",,,,,
"Other metal ores and concentrates","MPG212299",,,,,
"Stone","MPG212310",,,,,
"Sand, gravel, clay, and refractory minerals","MPG212320",,,,,
"Uncut diamonds","MPG212392",,,,,
"Potash","MPG212396",,,,,
"Non-metallic minerals (except diamonds)","MPG21239A",,,,,
"Support services for oil and gas extraction (except exploration)","MPS21311A",,,,,
"Support services for mining and quarrying (except exploration)","MPS21311B",,,,,
"Mineral and oil and gas exploration","MPS21A000",,,,,
"Electricity","ENE221100",,,,,
"Natural gas distribution","MPS221200",,,,,
"Water delivered by water works and irrigation systems","MPS221301",,,,,
"Sewage and dirty water disposal and cleaning services","MPS221302",,,,,
"Steam and heated or cooled air supply services","ENE221303",,,,,
"Residential construction","MPG23A000",,,,,
"Industrial buildings","MPG23B001",,,,,
"Office buildings","MPG23B002",,,,,
"Shopping centers, plazas, malls and stores","MPG23B003",,,,,
"Other commercial buildings","MPG23B004",,,,,
"Schools, colleges, universities and other educational buildings","MPG23B005",,,,,
"Hospitals, health centres, clinics, nursing homes and other health care buildings","MPG23B006",,,,,
"Other institutional buildings","MPG23B007",,,,,
"Highway, roads, streets, bridges and overpasses","MPG23C101",,,,,
"Other transportation construction","MPG23C109",,,,,
"Oil and gas production facilities","MPG23C201",,,,,
"Other oil and gas engineering construction","MPG23C209",,,,,
"Electric power engineering construction","MPG23C300",,,,,
"Communication engineering construction","MPG23C400",,,,,
"Marine engineering construction","MPG23C501",,,,,
"Waterworks engineering construction","MPG23C502",,,,,
"Sewage engineering construction","MPG23C503",,,,,
"Mining engineering construction","MPG23C504",,,,,
"Other engineering construction","MPG23C509",,,,,
"Repair construction services","MPS23D000",,,,,
"Dog and cat food products","MPG311101",,,,,
"Other animal feed","MPG311109","Soyabean Cake",2590,"c081","C",
"Other animal feed","MPG311109","Groundnut Cake",2591,"c082","C",
"Other animal feed","MPG311109","Sunflowerseed Cake",2592,"c083","C",
"Other animal feed","MPG311109","Rape and Mustard Cake",2593,"c084","C",
"Other animal feed","MPG311109","Cottonseed Cake",2594,"c085","C",
"Other animal feed","MPG311109","Palmkernel Cake",2595,"c086","C",
"Other animal feed","MPG311109","Copra Cake",2596,"c087","C",
"Other animal feed","MPG311109","Sesameseed Cake",2597,"c088","C",
"Other animal feed","MPG311109","Oilseed Cakes, Other",2598,"c089","C",
"Flour and other grain mill products","MPG311201","Wheat and products",2511,"c002","C",
"Flour and other grain mill products","MPG311201","Maize and products",2514,"c004","C",
"Flour and other grain mill products","MPG311201","Barley and products",2513,"c003","C",
"Flour and other grain mill products","MPG311201","Rye and products",2515,"c005","C",
"Flour and other grain mill products","MPG311201","Oats",2516,"c006","C",
"Flour and other grain mill products","MPG311201","Millet and products",2517,"c007","C",
"Flour and other grain mill products","MPG311201","Sorghum and products",2518,"c008","C",
"Flour and other grain mill products","MPG311201","Cereals, Other",2520,"c009","C",
"Flour and other grain mill products","MPG311201","Rice and products",2807,"c001","C",
"Flour and other grain mill products","MPG311204","Wheat and products",2511,"c002","C","vintage recode of MPG311201 (MPG311201 carries 2010-2012, MPG311204 carries 2013-2022 in table 36-10-0478-01)"
"Flour and other grain mill products","MPG311204","Maize and products",2514,"c004","C","vintage recode of MPG311201 (MPG311201 carries 2010-2012, MPG311204 carries 2013-2022 in table 36-10-0478-01)"
"Flour and other grain mill products","MPG311204","Barley and products",2513,"c003","C","vintage recode of MPG311201 (MPG311201 carries 2010-2012, MPG311204 carries 2013-2022 in table 36-10-0478-01)"
"Flour and other grain mill products","MPG311204","Rye and products",2515,"c005","C","vintage recode of MPG311201 (MPG311201 carries 2010-2012, MPG311204 carries 2013-2022 in table 36-10-0478-01)"
"Flour and other grain mill products","MPG311204","Oats",2516,"c006","C","vintage recode of MPG311201 (MPG311201 carries 2010-2012, MPG311204 carries 2013-2022 in table 36-10-0478-01)"
"Flour and other grain mill products","MPG311204","Millet and products",2517,"c007","C","vintage recode of MPG311201 (MPG311201 carries 2010-2012, MPG311204 carries 2013-2022 in table 36-10-0478-01)"
"Flour and other grain mill products","MPG311204","Sorghum and products",2518,"c008","C","vintage recode of MPG311201 (MPG311201 carries 2010-2012, MPG311204 carries 2013-2022 in table 36-10-0478-01)"
"Flour and other grain mill products","MPG311204","Cereals, Other",2520,"c009","C","vintage recode of MPG311201 (MPG311201 carries 2010-2012, MPG311204 carries 2013-2022 in table 36-10-0478-01)"
"Flour and other grain mill products","MPG311204","Rice and products",2807,"c001","C","vintage recode of MPG311201 (MPG311201 carries 2010-2012, MPG311204 carries 2013-2022 in table 36-10-0478-01)"
"Margarine and cooking oils","MPG311202","Soyabean Oil",2571,"c068","C",
"Margarine and cooking oils","MPG311202","Groundnut Oil",2572,"c069","C",
"Margarine and cooking oils","MPG311202","Sunflowerseed Oil",2573,"c070","C",
"Margarine and cooking oils","MPG311202","Rape and Mustard Oil",2574,"c071","C",
"Margarine and cooking oils","MPG311202","Cottonseed Oil",2575,"c072","C",
"Margarine and cooking oils","MPG311202","Palmkernel Oil",2576,"c073","C",
"Margarine and cooking oils","MPG311202","Palm Oil",2577,"c074","C",
"Margarine and cooking oils","MPG311202","Coconut Oil",2578,"c075","C",
"Margarine and cooking oils","MPG311202","Sesameseed Oil",2579,"c076","C",
"Margarine and cooking oils","MPG311202","Olive Oil",2580,"c077","C",
"Margarine and cooking oils","MPG311202","Ricebran Oil",2581,"c078","C",
"Margarine and cooking oils","MPG311202","Maize Germ Oil",2582,"c079","C",
"Margarine and cooking oils","MPG311202","Oilcrops Oil, Other",2586,"c080","C",
"Breakfast cereal and other cereal products","MPG311203","Wheat and products",2511,"c002","C",
"Breakfast cereal and other cereal products","MPG311203","Maize and products",2514,"c004","C",
"Breakfast cereal and other cereal products","MPG311203","Barley and products",2513,"c003","C",
"Breakfast cereal and other cereal products","MPG311203","Rye and products",2515,"c005","C",
"Breakfast cereal and other cereal products","MPG311203","Oats",2516,"c006","C",
"Breakfast cereal and other cereal products","MPG311203","Millet and products",2517,"c007","C",
"Breakfast cereal and other cereal products","MPG311203","Sorghum and products",2518,"c008","C",
"Breakfast cereal and other cereal products","MPG311203","Cereals, Other",2520,"c009","C",
"Breakfast cereal and other cereal products","MPG311203","Rice and products",2807,"c001","C",
"Grain and oilseed products, not elsewhere classified","MPG311209","Wheat and products",2511,"c002","C",
"Grain and oilseed products, not elsewhere classified","MPG311209","Maize and products",2514,"c004","C",
"Grain and oilseed products, not elsewhere classified","MPG311209","Barley and products",2513,"c003","C",
"Grain and oilseed products, not elsewhere classified","MPG311209","Rye and products",2515,"c005","C",
"Grain and oilseed products, not elsewhere classified","MPG311209","Oats",2516,"c006","C",
"Grain and oilseed products, not elsewhere classified","MPG311209","Millet and products",2517,"c007","C",
"Grain and oilseed products, not elsewhere classified","MPG311209","Sorghum and products",2518,"c008","C",
"Grain and oilseed products, not elsewhere classified","MPG311209","Cereals, Other",2520,"c009","C",
"Grain and oilseed products, not elsewhere classified","MPG311209","Rice and products",2807,"c001","C",
"Grain and oilseed products, not elsewhere classified","MPG311209","Pulses, Other and products",2549,"c019","C",
"Grain and oilseed products, n.e.c.","MPG311208","Wheat and products",2511,"c002","C","vintage recode of MPG311209 (MPG311209: 2010-2012, MPG311208: 2013-2022)"
"Grain and oilseed products, n.e.c.","MPG311208","Maize and products",2514,"c004","C","vintage recode of MPG311209 (MPG311209: 2010-2012, MPG311208: 2013-2022)"
"Grain and oilseed products, n.e.c.","MPG311208","Barley and products",2513,"c003","C","vintage recode of MPG311209 (MPG311209: 2010-2012, MPG311208: 2013-2022)"
"Grain and oilseed products, n.e.c.","MPG311208","Rye and products",2515,"c005","C","vintage recode of MPG311209 (MPG311209: 2010-2012, MPG311208: 2013-2022)"
"Grain and oilseed products, n.e.c.","MPG311208","Oats",2516,"c006","C","vintage recode of MPG311209 (MPG311209: 2010-2012, MPG311208: 2013-2022)"
"Grain and oilseed products, n.e.c.","MPG311208","Millet and products",2517,"c007","C","vintage recode of MPG311209 (MPG311209: 2010-2012, MPG311208: 2013-2022)"
"Grain and oilseed products, n.e.c.","MPG311208","Sorghum and products",2518,"c008","C","vintage recode of MPG311209 (MPG311209: 2010-2012, MPG311208: 2013-2022)"
"Grain and oilseed products, n.e.c.","MPG311208","Cereals, Other",2520,"c009","C","vintage recode of MPG311209 (MPG311209: 2010-2012, MPG311208: 2013-2022)"
"Grain and oilseed products, n.e.c.","MPG311208","Rice and products",2807,"c001","C","vintage recode of MPG311209 (MPG311209: 2010-2012, MPG311208: 2013-2022)"
"Grain and oilseed products, n.e.c.","MPG311208","Pulses, Other and products",2549,"c019","C","vintage recode of MPG311209 (MPG311209: 2010-2012, MPG311208: 2013-2022)"
"Sugar and sugar mill by-products","MPG311301","Sugar non-centrifugal",2541,"c065","C",
"Sugar and sugar mill by-products","MPG311301","Sugar (Raw Equivalent)",2542,"c066","C",
"Sugar and sugar mill by-products","MPG311301","Sweeteners, Other",2543,"c067","C",
"Chocolate (except confectionery)","MPG311302","Cocoa Beans and products",2633,"c046","C",
"Confectionery products","MPG311303",,,,,
"Fruit and vegetable juices (fresh, frozen and canned) and frozen fruits","MPG311401","Tomatoes and products",2601,"c031","C",
"Fruit and vegetable juices (fresh, frozen and canned) and frozen fruits","MPG311401","Vegetables, Other",2605,"c033","C",
"Fruit and vegetable juices (fresh, frozen and canned) and frozen fruits","MPG311401","Apples and products",2617,"c040","C",
"Fruit and vegetable juices (fresh, frozen and canned) and frozen fruits","MPG311401","Grapes and products (excl wine)",2620,"c043","C",
"Fruit and vegetable juices (fresh, frozen and canned) and frozen fruits","MPG311401","Oranges, Mandarines",2611,"c034","C",
"Fruit and vegetable juices (fresh, frozen and canned) and frozen fruits","MPG311401","Lemons, Limes and products",2612,"c035","C",
"Fruit and vegetable juices (fresh, frozen and canned) and frozen fruits","MPG311401","Grapefruit and products",2613,"c036","C",
"Fruit and vegetable juices (fresh, frozen and canned) and frozen fruits","MPG311401","Citrus, Other",2614,"c037","C",
"Fruit and vegetable juices (fresh, frozen and canned) and frozen fruits","MPG311401","Pineapples and products",2618,"c041","C",
"Fruit and vegetable juices (fresh, frozen and canned) and frozen fruits","MPG311401","Fruits, Other",2625,"c044","C",
"Preserved fruit and vegetables and frozen foods","MPG311402","Potatoes and products",2531,"c010","C",
"Preserved fruit and vegetables and frozen foods","MPG311402","Cassava and products",2532,"c011","C",
"Preserved fruit and vegetables and frozen foods","MPG311402","Sweet potatoes",2533,"c012","C",
"Preserved fruit and vegetables and frozen foods","MPG311402","Roots, Other",2534,"c013","C",
"Preserved fruit and vegetables and frozen foods","MPG311402","Tomatoes and products",2601,"c031","C",
"Preserved fruit and vegetables and frozen foods","MPG311402","Onions",2602,"c032","C",
"Preserved fruit and vegetables and frozen foods","MPG311402","Vegetables, Other",2605,"c033","C",
"Preserved fruit and vegetables and frozen foods","MPG311402","Yams",2535,"c014","C",
"Preserved fruit and vegetables and frozen foods","MPG311402","Pulses, Other and products",2549,"c019","C",
"Preserved fruit and vegetables and frozen foods","MPG311402","Apples and products",2617,"c040","C",
"Preserved fruit and vegetables and frozen foods","MPG311402","Grapes and products (excl wine)",2620,"c043","C",
"Preserved fruit and vegetables and frozen foods","MPG311402","Nuts and products",2551,"c020","C",
"Preserved fruit and vegetables and frozen foods","MPG311402","Oranges, Mandarines",2611,"c034","C",
"Preserved fruit and vegetables and frozen foods","MPG311402","Lemons, Limes and products",2612,"c035","C",
"Preserved fruit and vegetables and frozen foods","MPG311402","Grapefruit and products",2613,"c036","C",
"Preserved fruit and vegetables and frozen foods","MPG311402","Citrus, Other",2614,"c037","C",
"Preserved fruit and vegetables and frozen foods","MPG311402","Pineapples and products",2618,"c041","C",
"Preserved fruit and vegetables and frozen foods","MPG311402","Coconuts - Incl Copra",2560,"c026","C",
"Preserved fruit and vegetables and frozen foods","MPG311402","Fruits, Other",2625,"c044","C",
"Fluid milk and processed milk products (except frozen)","MPG311501","Milk - Excluding Butter",2848,"c109","C",
"Cheese and cheese products","MPG311502","Milk - Excluding Butter",2848,"c109","C",
"Other dairy products","MPG311503","Butter, Ghee",2740,"c110","C",
"Ice cream and frozen desserts","MPG311504","Milk - Excluding Butter",2848,"c109","C",
"Fresh and frozen beef and veal","MPG311601","Bovine Meat",2731,"c113","C",
"Fresh and frozen pork","MPG311602","Pigmeat",2733,"c115","C",
"Fresh and frozen poultry and fowl","MPG311603","Poultry Meat",2734,"c116","C",
"Fresh and frozen lamb and goat meat","MPG311604","Mutton & Goat Meat",2732,"c114","C",
"Processed meat products and animal by-products","MPG311605","Meat, Other",2735,"c117","C",
"Processed meat products and animal by-products","MPG311605","Offals, Edible",2736,"c118","C",
"Processed meat products and animal by-products","MPG311605","Fats, Animals, Raw",2737,"c119","C",
"Processed meat products and animal by-products","MPG311605","Hides and skins",2748,"c120","C",
"Processed meat products, other miscellaneous meats and animal by-products","MPG311605","Mutton & Goat Meat",2732,"c114","C","Lamb/goat folded into MPG311605 from 2013 (MPG311604 discontinued after 2012); minor misallocation of misc-meat VA onto mutton in 2010-2012"
"Prepared and packaged seafood products","MPG311700","Fish, Seafood",2960,"c123","C",
"Bread and rolls","MPG311801",,,,,
"Cookies, crackers and baked sweet goods","MPG311802",,,,,
"Flour mixes, dough and dry pasta","MPG311803",,,,,
"Snack food products","MPG311901",,,,,
"Coffee and tea","MPG311902","Coffee and products",2630,"c045","C",
"Coffee and tea","MPG311902","Tea (including mate)",2635,"c047","C",
"Flavouring syrups, seasonings and dressings","MPG311903","Spices, Other",2645,"c052","C",
"Other miscellaneous food products","MPG311909",,,,,
"Bottled water, soft drinks and ice","MPG312110",,,,,
"Beer","MPG312120","Beer",2656,"c091","C",
"Wine and brandy","MPG3121A1","Wine",2655,"c090","C",
"Wine and brandy","MPG3121A1","Beverages, Fermented",2657,"c092","C",
"Distilled liquor","MPG3121A2","Beverages, Alcoholic",2658,"c093","C",
"Unmanufactured tobacco","MPG312201","Tobacco",2671,"c059","A",
"Tobacco products","MPG312202","Tobacco",2671,"c059","C",
"Fibre, yarn and thread","MPG31A001","Silk",2747,"c122","C",
"Fibre, yarn and thread","MPG31A001","Soft-Fibres, Other",2664,"c055","C",
"Fibre, yarn and thread","MPG31A001","Wool (Clean Eq.)",2746,"c112","C",
"Fabric, fibre and yarn, and leather and dressed furs","MPG31A007","Silk",2747,"c122","C","Textile fibre processing; 2022-only successor merging MPG31A001 (fibre/yarn, 2010-2021) with MPG31A002 Fabrics (unmapped) and leather/dressed furs - 2022 VA on these items includes fabric/leather/fur"
"Fabric, fibre and yarn, and leather and dressed furs","MPG31A007","Soft-Fibres, Other",2664,"c055","C","Textile fibre processing; 2022-only successor merging MPG31A001 (fibre/yarn, 2010-2021) with MPG31A002 Fabrics (unmapped) and leather/dressed furs - 2022 VA on these items includes fabric/leather/fur"
"Fabric, fibre and yarn, and leather and dressed furs","MPG31A007","Wool (Clean Eq.)",2746,"c112","C","Textile fibre processing; 2022-only successor merging MPG31A001 (fibre/yarn, 2010-2021) with MPG31A002 Fabrics (unmapped) and leather/dressed furs - 2022 VA on these items includes fabric/leather/fur"
"Fabrics","MPG31A002",,,,,
"Carpets and rugs","MPG31A003",,,,,
"Other textile furnishings","MPG31A004",,,,,
"Other textile products","MPG31A005",,,,,
"Textile and fabric finishing and coating services","MPS31A006",,,,,
"Men's and women's clothing","MPG31B001",,,,,
"Infant and baby clothing","MPG31B002",,,,,
"Clothing accessories","MPG31B003",,,,,
"Leather and dressed furs","MPG31B004",,,,,
"Footwear","MPG31B005",,,,,
"Suitcases, handbags and other leather and allied products","MPG31B006",,,,,
"Hardwood lumber","MPG321101",,,,,
"Softwood lumber","MPG321102",,,,,
"Wood chips","MPG321103",,,,,
"Other sawmill and treated wood products","MPG321104",,,,,
"Veneer and plywood","MPG321201",,,,,
"Engineered wood members and trusses","MPG321202",,,,,
"Reconstituted wood products","MPG321203",,,,,
"Wood windows and doors","MPG321901",,,,,
"Other wood millwork products","MPG321902",,,,,
"Wood containers and pallets","MPG321903",,,,,
"Prefabricated wood buildings, components and other miscellaneous wood products","MPG321909",,,,,
"Waste and scrap of wood, wood by-products","MPG321X00",,,,,
"Wood pulp","MPG322101",,,,,
"Paper (except newsprint)","MPG322102",,,,,
"Newsprint","MPG322103",,,,,
"Paperboard","MPG322104",,,,,
"Paperboard containers","MPG322201",,,,,
"Paper stationery products","MPG322202",,,,,
"Disposable diapers and feminine hygiene products","MPG322203",,,,,
"Sanitary paper products","MPG322204",,,,,
"Other converted paper products","MPG322209",,,,,
"Waste and scrap of paper and paperboard","MPG322X00",,,,,
"Printed products","MPG323001",,,,,
"Support services for printing","MPS323002",,,,,
"Contract printing services for publishers","MPS323003",,,,,
"Gasoline","ENE324111",,,,,
"Diesel fuel","ENE324112",,,,,
"Light fuel oils","ENE324113",,,,,
"Jet fuel","ENE324114",,,,,
"Heavy fuel oils","ENE324115",,,,,
"Lubricants and other petroleum refinery products","MPG324116",,,,,
"Asphalt and asphalt products","MPG3241A1",,,,,
"Coke and other coke oven products","ENE3241A2",,,,,
"Other petroleum and coal products","MPG3241A9",,,,,
"Petrochemicals","MPG325101",,,,,
"Industrial gases","MPG325102",,,,,
"Dyes and pigments","MPG325103",,,,,
"Other basic inorganic chemicals","MPG325104",,,,,
"Other basic organic chemicals","MPG325105",,,,,
"Plastic resins","MPG325201",,,,,
"Rubber and rubber compounds and mixtures","MPG325202",,,,,
"Artificial and synthetic fibres and filaments","MPG325203",,,,,
"Ammonia and chemical fertilizer","MPG325301",,,,,
"Pesticide and other agricultural chemicals","MPG325302",,,,,
"Pharmaceutical and medicinal products","MPG325400",,,,,
"Paints, coatings and adhesive products","MPG325500",,,,,
"Soaps and cleaning compounds","MPG325601",,,,,
"Toiletries preparations","MPG325602",,,,,
"Chemical products not elsewhere classified","MPG325900",,,,,
"Plastic bags","MPG326101",,,,,
"Plastic films and non-rigid sheets","MPG326102",,,,,
"Plastic building and construction materials","MPG326103",,,,,
"Plastic profile shapes","MPG326104",,,,,
"Foam products (except for construction)","MPG326105",,,,,
"Plastic bottles","MPG326106",,,,,
"Motor vehicle plastic parts","MPG326107",,,,,
"Plastic products, not elsewhere classified","MPG326109",,,,,
"Tires","MPG326201",,,,,
"Rubber and plastic hoses and belts","MPG326202",,,,,
"Rubber products, not elsewhere classified","MPG326209",,,,,
"Waste and scrap of plastic and rubber","MPG326X00",,,,,
"Cement","MPG327301",,,,,
"Ready-mixed concrete","MPG327302",,,,,
"Concrete products","MPG327303",,,,,
"Clay products and refractories","MPG327A01",,,,,
"Glass and glass products","MPG327A02",,,,,
"Waste and scrap of glass","MPG327A03",,,,,
"Lime and gypsum products","MPG327A04",,,,,
"Non-metallic mineral products, not elsewhere classified","MPG327A09",,,,,
"Iron and steel basic shapes and ferro-alloy products","MPG331100",,,,,
"Iron and steel pipes and tubes (except castings)","MPG331201",,,,,
"Rolled and drawn steel products including wire","MPG331202",,,,,
"Bauxite and aluminum oxide","MPG331301",,,,,
"Aluminum and aluminum-alloy ingots and billets","MPG331302",,,,,
"Aluminum and aluminum-alloy semi-finished products","MPG331303",,,,,
"Refined copper and copper alloys","MPG331401",,,,,
"Refined nickel and nickel alloys","MPG331402",,,,,
"Refined precious metals and precious metals alloys","MPG331403",,,,,
"Other refined non-ferrous metals and non-ferrous metal alloys","MPG331404",,,,,
"Gold, store of value","MPG331405",,,,,
"Basic non-ferrous metal products (except aluminum)","MPG331406",,,,,
"Ferrous metal castings","MPG331501",,,,,
"Non-ferrous metal castings","MPG331502",,,,,
"Waste and scrap of iron and steel","MPG331X01",,,,,
"Waste and scrap of non-ferrous metals","MPG331X02",,,,,
"Forged and stamped metal products","MPG332100",,,,,
"Prefabricated metal building and components","MPG332301",,,,,
"Fabricated steel plates and other fabricated structural metal","MPG332302",,,,,
"Metal windows and doors","MPG332303",,,,,
"Other ornamental and architectural metal products","MPG332309",,,,,
"Light gauge metal containers, crowns and closures","MPG332401",,,,,
"Boilers, tanks and heavy gauge metal containers","MPG332402",,,,,
"Hardware","MPG332500",,,,,
"Springs and wire products","MPG332600",,,,,
"Threaded metal fasteners and other turned metal products","MPG332700",,,,,
"Coating, engraving, heat treating and similar metal processing services","MPS332800",,,,,
"Hand tools and cutlery (except precious metal)","MPG332A01",,,,,
"Metal valves and pipe fittings","MPG332A02",,,,,
"Ball and roller bearings","MPG332A03",,,,,
"Guns, ammunition and ordnance","MPG332A04",,,,,
"Fabricated metal products, not elsewhere classified","MPG332A09",,,,,
"Agricultural, lawn and garden machinery and equipment","MPG333101",,,,,
"Logging, mining and construction machinery and equipment","MPG333102",,,,,
"Other industry-specific machinery","MPG333200",,,,,
"Commercial and service industry machinery","MPG333300",,,,,
"Industrial and commercial fans and blowers, and air purification equipment","MPG333401",,,,,
"Heating and cooling equipment (except household refrigerators and freezers)","MPG333402",,,,,
"Metalworking machinery","MPG333500",,,,,
"Turbines and turbine generator set units","MPG333601",,,,,
"Other engine and power transmission equipment","MPG333609",,,,,
"Pumps and compressors","MPG333901",,,,,
"Material handling equipment","MPG333902",,,,,
"Other miscellaneous general-purpose machinery","MPG333909",,,,,
"Parts of computers and computer peripheral (except printed circuit assemblies)","MPG334101",,,,,
"Computers and computer peripheral equipment","MPG334102",,,,,
"Telephone apparatus","MPG334201",,,,,
"Other communications equipment","MPG334209",,,,,
"Televisions and other audio and video equipment","MPG334A01",,,,,
"Navigational and guidance instruments","MPG334A02",,,,,
"Measuring, medical and controlling devices","MPG334A03",,,,,
"Unrecorded magnetic and optical recording media","MPG334A04",,,,,
"Printed and integrated circuits, semiconductors and printed circuit assemblies","MPG334401",,,,,
"Other electronic components","MPG334409",,,,,
"Electric lamp bulbs and tubes","MPG335101",,,,,
"Lighting fixtures","MPG335102",,,,,
"Small electric appliances","MPG335201",,,,,
"Major appliances","MPG335202",,,,,
"Transformers","MPG335301",,,,,
"Electric motors and generators","MPG335302",,,,,
"Switchgear, switchboard, relays and industrial control apparatus","MPG335303",,,,,
"Batteries","MPG335901",,,,,
"Communication and energy wire and cable","MPG335902",,,,,
"Wiring devices","MPG335903",,,,,
"Other electrical equipment and components","MPG335909",,,,,
"Passenger cars","MPG336111",,,,,
"Light-duty trucks, vans and sport utility vehicles","MPG336112",,,,,
"Medium and heavy-duty trucks and chassis","MPG336120",,,,,
"Buses","MPG336201",,,,,
"Motor vehicle bodies and special purpose motor vehicles","MPG336202",,,,,
"Freight and utility trailers","MPG336203",,,,,
"Motor homes, travel trailers and campers","MPG336204",,,,,
"Motor vehicle gasoline engines and their parts","MPG336310",,,,,
"Motor vehicle electrical and electronic equipment","MPG336320",,,,,
"Motor vehicle steering and suspension components (except springs)","MPG336330",,,,,
"Motor vehicle brakes and brake systems","MPG336340",,,,,
"Motor vehicle transmission and power train parts","MPG336350",,,,,
"Vehicle seats, seat parts and interior trim for motor vehicles","MPG336360",,,,,
"Motor vehicle metal stamping","MPG336370",,,,,
"Other motor vehicle parts","MPG336390",,,,,
"Aircraft","MPG336401",,,,,
"Aircraft engines","MPG336402",,,,,
"Aircraft parts and equipment","MPG336403",,,,,
"Railroad rolling stocks","MPG336501",,,,,
"Parts for railroad rolling stocks","MPG336502",,,,,
"Ships","MPG336601",,,,,
"Boats","MPG336602",,,,,
"Other transportation equipment and related parts","MPG336900",,,,,
"Wood kitchen cabinets and counter tops","MPG337101",,,,,
"Household furniture","MPG337102",,,,,
"Institutional furniture","MPG337103",,,,,
"Office furniture","MPG337201",,,,,
"Office and store fixtures","MPG337202",,,,,
"Mattresses and foundations","MPG337901",,,,,
"Blinds and shades","MPG337902",,,,,
"Medical, dental and personal safety supplies, instruments and equipment","MPG339100",,,,,
"Jewellery and silverware","MPG339901",,,,,
"Sporting and athletic goods","MPG339902",,,,,
"Toys and games","MPG339903",,,,,
"Other stationery supplies","MPG339904",,,,,
"Signs","MPG339905",,,,,
"Other miscellaneous goods","MPG339909",,,,,
"Custom work, other manufacturing production services","MPS3X0000",,,,,
"Wholesale margins","MPS410001",,,,,
"Wholesale trade commissions","MPS410002",,,,,
"Retail margins","MPS4A0001",,,,,
"Used motor vehicles","MPS4A0002",,,,,
"Other used consumer goods","MPS4A0003",,,,,
"Retail trade commissions","MPS4A0004",,,,,
"Air passenger transportation services","MPS481001",,,,,
"Air freight transportation services","MPS481002",,,,,
"Air specialty services","MPS481003",,,,,
"Rail passenger transportation services","MPS482001",,,,,
"Rail freight transportation services","MPS482002",,,,,
"Water passenger transportation services","MPS483001",,,,,
"Water freight transportation services","MPS483002",,,,,
"Moving services (used goods)","MPS484001",,,,,
"General freight truck transportation services","MPS484002",,,,,
"Specialized freight truck transportation services","MPS484003",,,,,
"Urban transit services","MPS485100",,,,,
"Interurban and rural bus passenger transportation services","MPS48A001",,,,,
"School bus service","MPS48A002",,,,,
"Other transit and ground passenger transportation services","MPS48A003",,,,,
"Scenic and sightseeing tour services","MPS48A004",,,,,
"Taxi and limousine services","MPS485300",,,,,
"Transportation of natural gas by pipeline","MPS486200",,,,,
"Transportation of crude oil and other commodities by pipeline","MPS486A00",,,,,
"Air transportation support services","MPS488001",,,,,
"Aircraft maintenance and repair services","MPS488002",,,,,
"Rail transportation support, maintenance and repair services","MPS488003",,,,,
"Water transportation support, maintenance and repair services","MPS488004",,,,,
"Road transportation support services","MPS488005",,,,,
"Freight transportation arrangement and customs brokering services","MPS488006",,,,,
"Other transportation support services","MPS488009",,,,,
"Postal services","MPS491000",,,,,
"Courier, parcels, and local messenger and delivery services","MPS492000",,,,,
"Grain storage","MPS493001",,,,,
"Warehousing and storage services (except grain storage)","MPS493002",,,,,
"Newspapers, print and electronic","MPG511111",,,,,
"Advertising space in newspapers","MPS511112",,,,,
"Periodicals, print and electronic","MPG5111A1",,,,,
"Books, print and electronic","MPG5111A2",,,,,
"Other published products","MPG5111A3",,,,,
"Advertising space in periodicals and other published printed products","MPS5111A4",,,,,
"Licensing fees to distribute or reproduce published products, print and electronic","MPS5111X0",,,,,
"General purpose software","MPS511200",,,,,
"Movies, television programs and videos","MPS5121A1",,,,,
"Motion picture and video production and related services","MPS5121A2",,,,,
"Licensing fees to distribute or reproduce motion pictures and videos","MPS5121A3",,,,,
"Admissions to motion picture film exhibitions","MPS512130",,,,,
"Music and audio works","MPS512201",,,,,
"Studio and audio recording services","MPS512202",,,,,
"Licensing fees to distribute or reproduce music and audio works","MPS512203",,,,,
"Advertising air time on radio","MPS515100",,,,,
"Advertising air time on television","MPS515A01",,,,,
"Fees for the distribution of television and radio program channels","MPS515A02",,,,,
"Wired telephone services","MPS517001",,,,,
"Wireless telephone services","MPS517002",,,,,
"Cable, satellite and other program distribution services","MPS517003",,,,,
"Internet access services","MPS517004",,,,,
"Data processing, hosting, and related services","MPS518000",,,,,
"Subscriptions to Internet sites and contents","MPS519001",,,,,
"Advertising space on the Internet","MPS519002",,,,,
"Other information services","MPS519009",,,,,
"Central banking services","MPS521000",,,,,
"Local credit union services - explicit charges (fees)","MPS522130",,,,,
"Banking and other depository credit intermediation services - explicit charges","MPS5221A0",,,,,
"Non-depository credit intermediation services - explicit charges (fees)","MPS522200",,,,,
"Other services related to credit intermediation","MPS522300",,,,,
"Investment banking services","MPS523001",,,,,
"Security brokerage and securities dealing services","MPS523002",,,,,
"Portfolio management services","MPS523003",,,,,
"Investment counselling services","MPS523004",,,,,
"Holding company services and other financial investment and related activities","MPS523009",,,,,
"Life insurance services","MPS524101",,,,,
"Accident and sickness insurance services","MPS524102",,,,,
"Automotive insurance services","MPS524103",,,,,
"Property insurance services","MPS524104",,,,,
"Liability and other property and casualty insurance services","MPS524105",,,,,
"Brokerage and other insurance related services","MPS524200",,,,,
"Trusteed pension fund services","MPS526111",,,,,
"Mutual funds (cost of service) and other similar services","MPS526A00",,,,,
"Deposit intermediation services indirectly measured (FISIM)","MPS52X001",,,,,
"Residential mortgage intermediation services indirectly measured (FISIM)","MPS52X002",,,,,
"Other loan intermediation services indirectly measured (FISIM)","MPS52X003",,,,,
"Rental of residential real estate","MPS531101",,,,,
"Rental of non-residential real estate","MPS531102",,,,,
"Imputed rental of owner-occupied dwellings","IMS5311A0",,,,,
"Services related to real estate","MPS531A00",,,,,
"Motor vehicle rental and leasing services","MPS532100",,,,,
"Computer equipment rental and leasing services","MPS532A01",,,,,
"Office machinery and equipment rental and leasing services (except computer equipment)","MPS532A02",,,,,
"Commercial and industrial machinery and equipment renting and leasing services","MPS532A03",,,,,
"Other goods rental and leasing services","MPS532A09",,,,,
"Rights to non-financial intangible assets","MPS533000",,,,,
"Legal services","MPS541100",,,,,
"Accounting and related services","MPS541200",,,,,
"Architectural, engineering and related services","MPS541300",,,,,
"Specialized design services","MPS541400",,,,,
"Custom software design and development services","MPS541501",,,,,
"Own-account software design and development services","IMS541502",,,,,
"Computer systems design and related services (except software development)","MPS541503",,,,,
"Management, scientific and technical consulting services","MPS541600",,,,,
"Research and development services","MPS541701",,,,,
"Own-account research and development (except software development)","IMS541702",,,,,
"Advertising, public relations and related services","MPS541800",,,,,
"Photographic services","MPS541901",,,,,
"Veterinary services","MPS541902",,,,,
"Other professional, scientific and technical services","MPS541909",,,,,
"Holding company services (imputed)","IMS551001",,,,,
"Head office services (imputed)","IMS551002",,,,,
"Office administrative services","MPS561100",,,,,
"Employment services","MPS561300",,,,,
"Business support services","MPS561400",,,,,
"Travel arrangement and reservation services","MPS561500",,,,,
"Investigation and security services","MPS561600",,,,,
"Services to buildings and dwellings","MPS561700",,,,,
"Facilities and other support services","MPS561A00",,,,,
"Waste management and remediation services","MPS562000",,,,,
"Tuition and similar fees for elementary and secondary schools","MPS610001",,,,,
"Tuition and similar fees for colleges and C.E.G.E.P.s","MPS610002",,,,,
"Tuition and similar fees for universities","MPS610003",,,,,
"Tuition and similar fees for trade, technical and professional training","MPS610004",,,,,
"Other educational training and services","MPS610009",,,,,
"Physician services","MPS621100",,,,,
"Dental services","MPS621200",,,,,
"Other health practitioner services","MPS621A01",,,,,
"Medical and diagnostic laboratory services","MPS621A02",,,,,
"Ambulance services","MPS621A03",,,,,
"Hospital services (fees)","MPS622000",,,,,
"Nursing and residential care services","MPS623000",,,,,
"Child day-care services","MPS624001",,,,,
"Other ambulatory health care services and social assistance services","MPS62A000",,,,,
"Admissions to live sporting events","MPS71A001",,,,,
"Admissions to live performing arts performances","MPS71A002",,,,,
"Sport and performing arts event organization services","MPS71A003",,,,,
"Career management and representation services of public figures","MPS71A004",,,,,
"Contract production of live performances, events and copyrighted works","MPS71A005",,,,,
"Licensing of rights to use copyrighted works and media rights","MPS71A006",,,,,
"Technical artistic services","MPS71A007",,,,,
"Heritage institution services","MPS71A008",,,,,
"Amusement and recreation services","MPS713A00",,,,,
"Gambling (net wagers)","MPS713200",,,,,
"Room or unit accommodation services for travellers","MPS721100",,,,,
"Recreational vehicle parks and recreational camp services","MPS721A01",,,,,
"Rooming and boarding services","MPS721A02",,,,,
"Prepared meals","MPS722001",,,,,
"Alcoholic beverages for immediate consumption","MPS722002",,,,,
"Motor vehicle repair and maintenance services","MPS811100",,,,,
"Other repair and maintenance services","MPS811A00",,,,,
"Funeral services","MPS812200",,,,,
"Laundry and dry-cleaning services","MPS812300",,,,,
"Hair care and esthetic services","MPS812A01",,,,,
"Parking services","MPS812A02",,,,,
"Other personal and personal care services","MPS812A09",,,,,
"Other membership services","MPS813000",,,,,
"Babysitting services","MPS814001",,,,,
"Private household services (except babysitting)","MPS814002",,,,,
"Sales of other services by Non-Profit Institutions Serving Households","MPS9A0000",,,,,
"Sales of other government services","MPS9B0000",,,,,
"Repair and maintenance","FIC110000",,,,,
"Operating supplies","FIC120000",,,,,
"Office supplies","FIC130000",,,,,
"Advertising, promotion, meals and entertainment","FIC210000",,,,,
"Travel, meetings and conventions","FIC220000",,,,,
"Transportation margins","FIC300000",,,,,
"Educational services provided by Non-Profit Institutions Serving Households","NNP610000",,,,,
"Ambulatory health care services provided by Non-Profit Institutions Serving Households","NNP621000",,,,,
"Social assistance services provided by Non-Profit Institutions Serving Households","NNP624000",,,,,
"Arts, entertainment and recreation services provided by Non-Profit Institutions Serving Households","NNP710000",,,,,
"Religious services","NNP813100",,,,,
"Grant-making, civic, and professional and similar organization services","NNP813A01",,,,,
"Labour organization membership services","NNP813930",,,,,
"Political organization services","NNP813940",,,,,
"Other services provided by Non-Profit Institutions Serving Households","NNP999999",,,,,
"Elementary and secondary school services provided by governments","NGS611100",,,,,
"Community college and C.E.G.E.P services provided by governments","NGS611200",,,,,
"University services provided by governments","NGS611300",,,,,
"Other educational services provided by governments","NGS611A00",,,,,
"Hospital services provided by governments","NGS622000",,,,,
"Residential care facility services provided by governments","NGS623000",,,,,
"Defence services","NGS911100",,,,,
"Other federal government services","NGS911A00",,,,,
"Other provincial and territorial government services","NGS912000",,,,,
"Other municipal government services","NGS913000",,,,,
"Other aboriginal government services","NGS914000",,,,,
,,"Grazing",2001,"c062",,"Non-allocated: grazing simplified as an ecosystem service"
,,"Cottonseed",2559,"c063",,"Non-allocated: no VA assigned to avoid double counting"
,,"Palm kernels",2562,"c064",,"Non-allocated: no VA assigned to avoid double counting"
,,"Cotton lint",2661,"c095",,"Non-allocated: no VA assigned to avoid double counting"
,,"Alcohol, Non-Food",2659,"c094",,
