"FAO_item","FAO_item_code","FABIO_item","FABIO_item_code","FABIO_comm_code","unused_FAO_items"
"Rice",27,"Rice and products",2807,"c001","Coarse Grain, Total"
"Wheat",15,"Wheat and products",2511,"c002","Cereals, primary"
"Barley",44,"Barley and products",2513,"c003","Roots and Tubers, Total"
"Maize (corn)",56,"Maize and products",2514,"c004","Pulses, Total"
"Rye",71,"Rye and products",2515,"c005","Oilcrops, Oil Equivalent"
"Oats",75,"Oats",2516,"c006","Vegetables and Melons, Total"
"Millet",79,"Millet and products",2517,"c007","Vegetables Primary"
"Sorghum",83,"Sorghum and products",2518,"c008","Citrus Fruit, Total"
"Triticale",97,"Cereals, Other",2520,"c009","Bananas cavendish"
"Canary seed",101,"Cereals, Other",2520,"c009","Plantains"
"Cereals n.e.c.",108,"Cereals, Other",2520,"c009","Other bananas (excluding cavendish and cooking bananas)"
"Buckwheat",89,"Cereals, Other",2520,"c009","Cooking bananas"
"Mixed grain",103,"Cereals, Other",2520,"c009","Fruit Primary"
"Fonio",94,"Cereals, Other",2520,"c009","Fruit excl Melons, Total"
"Quinoa",92,"Cereals, Other",2520,"c009","Fibre Crops Primary"
"Potatoes",116,"Potatoes and products",2531,"c010","Milk, Total"
"Cassava, fresh",125,"Cassava and products",2532,"c011","Eggs Primary"
"Sweet potatoes",122,"Sweet potatoes",2533,"c012","Meat of cattle with the bone, fresh or chilled (biological)"
"Taro",136,"Roots, Other",2534,"c013","Meat, Total"
"Edible roots and tubers with high starch or inulin content, n.e.c., fresh",149,"Roots, Other",2534,"c013","Meat of buffalo, fresh or chilled (biological)"
"Yautia",135,"Roots, Other",2534,"c013","Meat of goat, fresh or chilled (biological)"
"Yams",137,"Yams",2535,"c014","Meat of sheep, fresh or chilled (biological)"
"Sugar cane",156,"Sugar cane",2536,"c015","Meat of pig with the bone, fresh or chilled (biological)"
"Sugar beet",157,"Sugar beet",2537,"c016","Meat of chickens, fresh or chilled (biological)"
"Beans, dry",176,"Beans",2546,"c017","Meat of turkeys, fresh or chilled (biological)"
"Peas, dry",187,"Peas",2547,"c018","Meat of ducks, fresh or chilled (biological)"
"Other pulses n.e.c.",211,"Pulses, Other and products",2549,"c019","Meat of geese, fresh or chilled (biological)"
"Broad beans and horse beans, dry",181,"Pulses, Other and products",2549,"c019","Meat of pigeons and other birds n.e.c., fresh, chilled or frozen (biological)"
"Cow peas, dry",195,"Pulses, Other and products",2549,"c019","Meat of camels, fresh or chilled (biological)"
"Pigeon peas, dry",197,"Pulses, Other and products",2549,"c019","Horse meat, fresh or chilled (biological)"
"Bambara beans, dry",203,"Pulses, Other and products",2549,"c019","Meat of rabbits and hares, fresh or chilled (biological)"
"Vetches",205,"Pulses, Other and products",2549,"c019","Meat of asses, fresh or chilled (biological)"
"Chick peas, dry",191,"Pulses, Other and products",2549,"c019","Meat of other domestic camelids, fresh or chilled (biological)"
"Lentils, dry",201,"Pulses, Other and products",2549,"c019","Meat of mules, fresh or chilled (biological)"
"Lupins",210,"Pulses, Other and products",2549,"c019","Meat of other domestic rodents, fresh or chilled (biological)"
"Almonds, in shell",221,"Nuts and products",2551,"c020","Agriculture"
"Other nuts (excluding wild edible nuts and groundnuts), in shell, n.e.c.",234,"Nuts and products",2551,"c020","Livestock"
"Walnuts, in shell",222,"Nuts and products",2551,"c020","Beeswax"
"Areca nuts",226,"Nuts and products",2551,"c020","for these, no USD prices can be derived from the FAO data"
"Chestnuts, in shell",220,"Nuts and products",2551,"c020","Vegetable tallow"
"Brazil nuts, in shell",216,"Nuts and products",2551,"c020","Stillingia oil"
"Hazelnuts, in shell",225,"Nuts and products",2551,"c020","Jute & Jute-like Fibres"
"Cashew nuts, in shell",217,"Nuts and products",2551,"c020","Meat of other domestic rodents, fresh or chilled"
"Kola nuts",224,"Nuts and products",2551,"c020","Tallowtree seeds"
"Soya beans",236,"Soyabeans",2555,"c021","excluded, because FAOstat data does not report production volumes so it skews the (weighted) average"
"Groundnuts, excluding shelled",242,"Groundnuts",2552,"c022","Balata, gutta-percha, guayule, chicle and similar natural gums in primary forms or in plates, sheets or strip"
"Sunflower seed",267,"Sunflower seed",2557,"c023",
"Rape or colza seed",270,"Rape and Mustardseed",2558,"c024",
"Mustard seed",292,"Rape and Mustardseed",2558,"c024",
"Seed cotton, unginned",328,"Seed cotton",328,"c025",
"Coconuts, in shell",249,"Coconuts - Incl Copra",2560,"c026",
"Sesame seed",289,"Sesame seed",2561,"c027",
"Oil palm fruit",254,"Oil, palm fruit",254,"c028",
"Olives",260,"Olives (including preserved)",2563,"c029",
"Linseed",333,"Oilcrops, Other",2570,"c030",
"Hempseed",336,"Oilcrops, Other",2570,"c030",
"Melonseed",299,"Oilcrops, Other",2570,"c030",
"Other oil seeds, n.e.c.",339,"Oilcrops, Other",2570,"c030",
"Castor oil seeds",265,"Oilcrops, Other",2570,"c030",
"Safflower seed",280,"Oilcrops, Other",2570,"c030",
"Tung nuts",275,"Oilcrops, Other",2570,"c030",
"Poppy seed",296,"Oilcrops, Other",2570,"c030",
"Karite nuts (sheanuts)",263,"Oilcrops, Other",2570,"c030",
"Tomatoes",388,"Tomatoes and products",2601,"c031",
"Onions and shallots, dry (excluding dehydrated)",403,"Onions",2602,"c032",
"Onions and shallots, green",402,"Onions",2602,"c032",
"Cabbages",358,"Vegetables, Other",2605,"c033",
"Leeks and other alliaceous vegetables",407,"Vegetables, Other",2605,"c033",
"Carrots and turnips",426,"Vegetables, Other",2605,"c033",
"Chillies and peppers, green (Capsicum spp. and Pimenta spp.)",401,"Vegetables, Other",2605,"c033",
"Cucumbers and gherkins",397,"Vegetables, Other",2605,"c033",
"Eggplants (aubergines)",399,"Vegetables, Other",2605,"c033",
"Cauliflowers and broccoli",393,"Vegetables, Other",2605,"c033",
"Green garlic",406,"Vegetables, Other",2605,"c033",
"Lettuce and chicory",372,"Vegetables, Other",2605,"c033",
"Okra",430,"Vegetables, Other",2605,"c033",
"Other vegetables, fresh n.e.c.",463,"Vegetables, Other",2605,"c033",
"Pumpkins, squash and gourds",394,"Vegetables, Other",2605,"c033",
"Spinach",373,"Vegetables, Other",2605,"c033",
"Artichokes",366,"Vegetables, Other",2605,"c033",
"Asparagus",367,"Vegetables, Other",2605,"c033",
"Locust beans (carobs)",461,"Vegetables, Other",2605,"c033",
"Peas, green",417,"Vegetables, Other",2605,"c033",
"Other beans, green",414,"Vegetables, Other",2605,"c033",
"String beans",423,"Vegetables, Other",2605,"c033",
"Mushrooms and truffles",449,"Vegetables, Other",2605,"c033",
"Green corn (maize)",446,"Vegetables, Other",2605,"c033",
"Chicory roots",459,"Vegetables, Other",2605,"c033",
"Broad beans and horse beans, green",420,"Vegetables, Other",2605,"c033",
"Cantaloupes and other melons",568,"Vegetables, Other",2605,"c033",
"Watermelons",567,"Vegetables, Other",2605,"c033",
"Oranges",490,"Oranges, Mandarines",2611,"c034",
"Tangerines, mandarins, clementines",495,"Oranges, Mandarines",2611,"c034",
"Lemons and limes",497,"Lemons, Limes and products",2612,"c035",
"Pomelos and grapefruits",507,"Grapefruit and products",2613,"c036",
"Other citrus fruit, n.e.c.",512,"Citrus, Other",2614,"c037",
"Bananas",486,"Bananas",2615,"c038",
"Plantains and cooking bananas",489,"Plantains",2616,"c039",
"Apples",515,"Apples and products",2617,"c040",
"Pineapples",574,"Pineapples and products",2618,"c041",
"Dates",577,"Dates",2619,"c042",
"Grapes",560,"Grapes and products (excl wine)",2620,"c043",
"Apricots",526,"Fruits, Other",2625,"c044",
"Figs",569,"Fruits, Other",2625,"c044",
"Other stone fruits",541,"Fruits, Other",2625,"c044",
"Peaches and nectarines",534,"Fruits, Other",2625,"c044",
"Pears",521,"Fruits, Other",2625,"c044",
"Pistachios, in shell",223,"Nuts and products",2551,"c020",
"Plums and sloes",536,"Fruits, Other",2625,"c044",
"Cherries",531,"Fruits, Other",2625,"c044",
"Other fruits, n.e.c.",619,"Fruits, Other",2625,"c044",
"Quinces",523,"Fruits, Other",2625,"c044",
"Sour cherries",530,"Fruits, Other",2625,"c044",
"Avocados",572,"Fruits, Other",2625,"c044",
"Mangoes, guavas and mangosteens",571,"Fruits, Other",2625,"c044",
"Papayas",600,"Fruits, Other",2625,"c044",
"Currants",550,"Fruits, Other",2625,"c044",
"Raspberries",547,"Fruits, Other",2625,"c044",
"Strawberries",544,"Fruits, Other",2625,"c044",
"Kiwi fruit",592,"Fruits, Other",2625,"c044",
"Other berries and fruits of the genus vaccinium n.e.c.",558,"Fruits, Other",2625,"c044",
"Other tropical fruits, n.e.c.",603,"Fruits, Other",2625,"c044",
"Persimmons",587,"Fruits, Other",2625,"c044",
"Gooseberries",549,"Fruits, Other",2625,"c044",
"Blueberries",552,"Fruits, Other",2625,"c044",
"Cranberries",554,"Fruits, Other",2625,"c044",
"Other pome fruits",542,"Fruits, Other",2625,"c044",
"Cashewapple",591,"Fruits, Other",2625,"c044",
"Coffee, green",656,"Coffee and products",2630,"c045",
"Cocoa beans",661,"Cocoa Beans and products",2633,"c046",
"Maté leaves",671,"Tea (including mate)",2635,"c047",
"Tea leaves",667,"Tea (including mate)",2635,"c047",
"Tea nes (herbal tea)",674,"Tea (including mate)",2635,"c047",
"Hop cones",677,"Hops",677,"c048",
"Pepper (Piper spp.), raw",687,"Pepper",2640,"c049",
"Chillies and peppers, dry (Capsicum spp., Pimenta spp.), raw",689,"Pimento",2641,"c050",
"Cloves (whole stems), raw",698,"Cloves",2642,"c051",
"Anise, badian, coriander, cumin, caraway, fennel and juniper berries, raw",711,"Spices, Other",2645,"c052",
"Other stimulant, spice and aromatic crops, n.e.c.",723,"Spices, Other",2645,"c052",
"Cinnamon and cinnamon-tree flowers, raw",693,"Spices, Other",2645,"c052",
"Vanilla, raw",692,"Spices, Other",2645,"c052",
"Nutmeg, mace, cardamoms, raw",702,"Spices, Other",2645,"c052",
"Pyrethrum, dried flowers",754,"Spices, Other",2645,"c052",
"Ginger, raw",720,"Spices, Other",2645,"c052",
"Peppermint, spearmint",748,"Spices, Other",2645,"c052",
"Jute, raw or retted",780,"Jute",2662,"c053",
"Jute, raw or retted",780,"Jute-Like Fibres",2663,"c054",
"Flax, processed but not spun",773,"Soft-Fibres, Other",2664,"c055",
"True hemp, raw or retted",777,"Soft-Fibres, Other",2664,"c055",
"Kapok fruit",310,"Oilcrops, Other",2570,"c030",
"Kenaf, and other textile bast fibres, raw or retted",782,"Soft-Fibres, Other",2664,"c055",
"Ramie, raw or retted",788,"Soft-Fibres, Other",2664,"c055",
"Sisal, raw",789,"Sisal",2665,"c056",
"Abaca, manila hemp, raw",809,"Abaca",2666,"c057",
"Other fibre crops, raw, n.e.c.",821,"Soft-Fibres, Other",2664,"c055",
"Agave fibres, raw, n.e.c.",800,"Hard Fibres, Other",2667,"c058",
"Unmanufactured tobacco",826,"Tobacco",2671,"c059",
"Natural rubber in primary forms",836,"Rubber",2672,"c060",
,,"Fodder crops",2000,"c061",
,,"Grazing",2001,"c062",
"Cotton seed",329,"Cottonseed",2559,"c063",
"Palm kernels",256,"Palm kernels",2562,"c064",
,,"Sugar non-centrifugal",2541,"c065",
,,"Sugar (Raw Equivalent)",2542,"c066",
"Other sugar crops n.e.c.",161,"Sweeteners, Other",2543,"c067",
,,"Soyabean Oil",2571,"c068",
,,"Groundnut Oil",2572,"c069",
,,"Sunflowerseed Oil",2573,"c070",
,,"Rape and Mustard Oil",2574,"c071",
,,"Cottonseed Oil",2575,"c072",
,,"Palmkernel Oil",2576,"c073",
"Palm oil",257,"Palm Oil",2577,"c074",
,,"Coconut Oil",2578,"c075",
,,"Sesameseed Oil",2579,"c076",
,,"Olive Oil",2580,"c077",
,,"Ricebran Oil",2581,"c078",
,,"Maize Germ Oil",2582,"c079",
,,"Oilcrops Oil, Other",2586,"c080",
,,"Soyabean Cake",2590,"c081",
,,"Groundnut Cake",2591,"c082",
,,"Sunflowerseed Cake",2592,"c083",
,,"Rape and Mustard Cake",2593,"c084",
,,"Cottonseed Cake",2594,"c085",
,,"Palmkernel Cake",2595,"c086",
,,"Copra Cake",2596,"c087",
,,"Sesameseed Cake",2597,"c088",
,,"Oilseed Cakes, Other",2598,"c089",
,,"Wine",2655,"c090",
,,"Beer",2656,"c091",
,,"Beverages, Fermented",2657,"c092",
,,"Beverages, Alcoholic",2658,"c093",
,,"Alcohol, Non-Food",2659,"c094",
"Cotton lint, ginned",767,"Cotton lint",2661,"c095",
,,"Cattle",866,"c096",
,,"Buffaloes",946,"c097",
,,"Sheep",976,"c098",
,,"Goats",1016,"c099",
,,"Pigs",1034,"c100",
,,"Poultry Birds",2029,"c101",
,,"Horses",1096,"c102",
,,"Asses",1107,"c103",
,,"Mules",1110,"c104",
,,"Camels",1126,"c105",
,,"Camelids, other",1157,"c106",
,,"Rabbits and hares",1140,"c107",
,,"Rodents, other",1150,"c108",
"Raw milk of buffalo",951,"Milk - Excluding Butter",2848,"c109",
"Raw milk of camel",1130,"Milk - Excluding Butter",2848,"c109",
"Raw milk of cattle",882,"Milk - Excluding Butter",2848,"c109",
"Raw milk of goats",1020,"Milk - Excluding Butter",2848,"c109",
"Raw milk of sheep",982,"Milk - Excluding Butter",2848,"c109",
,,"Butter, Ghee",2740,"c110",
"Hen eggs in shell, fresh",1062,"Eggs",2744,"c111",
"Eggs from other birds in shell, fresh, n.e.c.",1091,"Eggs",2744,"c111",
"Shorn wool, greasy, including fleece-washed shorn wool",987,"Wool (Clean Eq.)",2746,"c112",
"Meat of cattle with the bone, fresh or chilled",867,"Bovine Meat",2731,"c113",
"Meat of buffalo, fresh or chilled",947,"Bovine Meat",2731,"c113",
"Meat of goat, fresh or chilled",1017,"Mutton & Goat Meat",2732,"c114",
"Meat of sheep, fresh or chilled",977,"Mutton & Goat Meat",2732,"c114",
"Meat of pig with the bone, fresh or chilled",1035,"Pigmeat",2733,"c115",
"Meat of chickens, fresh or chilled",1058,"Poultry Meat",2734,"c116",
"Meat of turkeys, fresh or chilled",1080,"Poultry Meat",2734,"c116",
"Meat of ducks, fresh or chilled",1069,"Poultry Meat",2734,"c116",
"Meat of geese, fresh or chilled",1073,"Poultry Meat",2734,"c116",
"Meat of pigeons and other birds n.e.c., fresh, chilled or frozen",1089,"Poultry Meat",2734,"c116",
"Game meat, fresh, chilled or frozen",1163,"Meat, Other",2735,"c117",
"Meat of camels, fresh or chilled",1127,"Meat, Other",2735,"c117",
"Horse meat, fresh or chilled",1097,"Meat, Other",2735,"c117",
"Meat of rabbits and hares, fresh or chilled",1141,"Meat, Other",2735,"c117",
"Meat of asses, fresh or chilled",1108,"Meat, Other",2735,"c117",
"Meat of other domestic camelids, fresh or chilled",1158,"Meat, Other",2735,"c117",
"Meat of mules, fresh or chilled",1111,"Meat, Other",2735,"c117",
"Other meat of mammals, fresh or chilled",1166,"Meat, Other",2735,"c117",
,,"Offals, Edible",2736,"c118",
,,"Fats, Animals, Raw",2737,"c119",
,,"Hides and skins",2748,"c120",
"Natural honey",1182,"Honey",2745,"c121",
"Silk-worm cocoons suitable for reeling",1185,"Silk",2747,"c122",
,,"Fish, Seafood",2960,"c123",
