parent,child
"Almonds, in shell","Almonds, shelled"
"Cattle fat, unrendered",Animal oils and fats n.e.c.
"Cattle, butcher fat",Animal oils and fats n.e.c.
Fat of pigs,Animal oils and fats n.e.c.
"Goat fat, unrendered",Animal oils and fats n.e.c.
"Pig, butcher fat",Animal oils and fats n.e.c.
"Sheep fat, unrendered",Animal oils and fats n.e.c.
Tallow,Animal oils and fats n.e.c.
Coconut oil,"Animal or vegetable fats and oils and their fractions, chemically modified, except those hydrogenated, inter-esterified, re-esterified or elaidinized; inedible mixtures or preparations of animal or vegetable fats or oils"
Groundnut oil,"Animal or vegetable fats and oils and their fractions, chemically modified, except those hydrogenated, inter-esterified, re-esterified or elaidinized; inedible mixtures or preparations of animal or vegetable fats or oils"
Oil of castor beans,"Animal or vegetable fats and oils and their fractions, chemically modified, except those hydrogenated, inter-esterified, re-esterified or elaidinized; inedible mixtures or preparations of animal or vegetable fats or oils"
Oil of linseed,"Animal or vegetable fats and oils and their fractions, chemically modified, except those hydrogenated, inter-esterified, re-esterified or elaidinized; inedible mixtures or preparations of animal or vegetable fats or oils"
Oil of palm kernel,"Animal or vegetable fats and oils and their fractions, chemically modified, except those hydrogenated, inter-esterified, re-esterified or elaidinized; inedible mixtures or preparations of animal or vegetable fats or oils"
Oil of sesame seed,"Animal or vegetable fats and oils and their fractions, chemically modified, except those hydrogenated, inter-esterified, re-esterified or elaidinized; inedible mixtures or preparations of animal or vegetable fats or oils"
"Other oil of vegetable origin, crude n.e.c.","Animal or vegetable fats and oils and their fractions, chemically modified, except those hydrogenated, inter-esterified, re-esterified or elaidinized; inedible mixtures or preparations of animal or vegetable fats or oils"
Palm oil,"Animal or vegetable fats and oils and their fractions, chemically modified, except those hydrogenated, inter-esterified, re-esterified or elaidinized; inedible mixtures or preparations of animal or vegetable fats or oils"
"Rapeseed or canola oil, crude","Animal or vegetable fats and oils and their fractions, chemically modified, except those hydrogenated, inter-esterified, re-esterified or elaidinized; inedible mixtures or preparations of animal or vegetable fats or oils"
"Safflower-seed oil, crude","Animal or vegetable fats and oils and their fractions, chemically modified, except those hydrogenated, inter-esterified, re-esterified or elaidinized; inedible mixtures or preparations of animal or vegetable fats or oils"
"Sunflower-seed oil, crude","Animal or vegetable fats and oils and their fractions, chemically modified, except those hydrogenated, inter-esterified, re-esterified or elaidinized; inedible mixtures or preparations of animal or vegetable fats or oils"
Apples,Apple juice
Apples,"Apple juice, concentrated"
Apricots,"Apricots, dried"
Pot barley,Barley flour and grits
Pot barley,"Barley, pearled"
Flour of maize,"Beer of barley, malted"
Flour of sorghum,"Beer of barley, malted"
Maize (corn),"Beer of barley, malted"
Malt extract,"Beer of barley, malted"
"Malt, whether or not roasted","Beer of barley, malted"
"Rice, broken","Beer of barley, malted"
Sorghum,"Beer of barley, malted"
Maize (corn),"Beer of maize, malted"
Starch of maize,"Beer of maize, malted"
Malt extract,"Beer of millet, malted"
Millet,"Beer of millet, malted"
Malt extract,"Beer of sorghum, malted"
Sorghum,"Beer of sorghum, malted"
"Meat of cattle boneless, fresh or chilled","Bovine meat, salted, dried or smoked"
"Meat of cattle with the bone, fresh or chilled","Bovine meat, salted, dried or smoked"
Canary seed,Bran of cereals n.e.c.
Cereals n.e.c.,Bran of cereals n.e.c.
Quinoa,Bran of cereals n.e.c.
Barley,Bran of barley
Buckwheat,Bran of buckwheat
Fonio,Bran of fonio
Maize (corn),Bran of maize
Millet,Bran of millet
Mixed grain,Bran of mixed grain
Oats,Bran of oats
"Beans, dry",Bran of pulses
"Broad beans and horse beans, dry",Bran of pulses
"Chick peas, dry",Bran of pulses
"Lentils, dry",Bran of pulses
"Peas, dry",Bran of pulses
"Pigeon peas, dry",Bran of pulses
Other pulses n.e.c.,Bran of pulses
Husked rice,Bran of rice
Rice,Bran of rice
Rye,Bran of rye
Sorghum,Bran of sorghum
Triticale,Bran of triticale
Wheat,Bran of wheat
"Brazil nuts, in shell","Brazil nuts, shelled"
Rye,Bread
Wheat and meslin flour,Bread
Bran of wheat,Breakfast cereals
Maize (corn),Breakfast cereals
"Malt, whether or not roasted",Breakfast cereals
Oats,Breakfast cereals
Pot barley,Breakfast cereals
"Rice, broken",Breakfast cereals
"Rice, milled",Breakfast cereals
"Rice, milled (husked)",Breakfast cereals
Rye,Breakfast cereals
Wheat,Breakfast cereals
Wheat and meslin flour,Breakfast cereals
Wheat,Bulgur
Raw milk of sheep,Butter and ghee of sheep milk
Raw milk of buffalo,Butter of buffalo milk
Raw milk of cattle,Butter of cow milk
Karite nuts (sheanuts),Butter of karite nuts
Raw milk of cattle,"Buttermilk, curdled and acidified milk"
Cotton seed,Cake of cottonseed
"Groundnuts, shelled",Cake of groundnuts
Mustard seed,Cake of mustard seed
Palm kernels,Cake of palm kernel
Rape or colza seed,Cake of rapeseed
Safflower seed,Cake of safflowerseed
Sesame seed,Cake of sesame seed
Sunflower seed,Cake of sunflower seed
Linseed,Cake of  linseed
Soya beans,Cake of  soya beans
Melonseed,"Cake, oilseeds nes"
"Other oil seeds, n.e.c.","Cake, oilseeds nes"
Copra,Cake of copra
Hempseed,Cake of hempseed
"Kapokseed, shelled",Cake of kapok
Germ of maize,Cake of maize
Bran of rice,Cake of rice bran
Sugar cane,"Cane sugar, non-centrifugal"
Mushrooms and truffles,Canned mushrooms
Skim milk of cows,Casein
"Cashew nuts, in shell","Cashew nuts, shelled"
"Cassava, fresh","Cassava, dry"
"Meat of cattle with the bone, fresh or chilled","Cattle, butcher fat"
Barley,Cereal preparations
Maize (corn),Cereal preparations
Mixed grain,Cereal preparations
Oats,Cereal preparations
Cereals n.e.c.,Cereal preparations
"Rice, broken",Cereal preparations
Rye,Cereal preparations
Wheat,Cereal preparations
Wheat and meslin flour,Cereal preparations
Raw milk of buffalo,"Cheese from milk of buffalo, fresh or processed"
Skim milk of buffalo,"Cheese from milk of buffalo, fresh or processed"
Raw milk of goats,"Cheese from milk of goats, fresh or processed"
Raw milk of sheep,"Cheese from milk of sheep, fresh or processed"
Skim sheep milk,"Cheese from milk of sheep, fresh or processed"
Skim milk of cows,Cheese from skimmed cow milk
Raw milk of cattle,Cheese from whole cow milk
"Whey, fresh",Cheese from whole cow milk
"Cocoa butter, fat and oil",Chocolate products nes
Cocoa powder and cake,Chocolate products nes
Apples,Cider and other fermented beverages
Bananas,Cider and other fermented beverages
Natural honey,Cider and other fermented beverages
"Other fruits, n.e.c.",Cider and other fermented beverages
"Other tropical fruits, n.e.c.",Cider and other fermented beverages
Pears,Cider and other fermented beverages
Plantains and cooking bananas,Cider and other fermented beverages
Lemons and limes,"Citrus juice, concentrated n.e.c."
Oranges,"Citrus juice, concentrated n.e.c."
"Other citrus fruit, n.e.c.","Citrus juice, concentrated n.e.c."
Pomelos and grapefruits,"Citrus juice, concentrated n.e.c."
"Tangerines, mandarins, clementines","Citrus juice, concentrated n.e.c."
Cocoa paste not defatted,"Cocoa butter, fat and oil"
Cocoa beans,Cocoa husks and shells
Cocoa beans,Cocoa paste not defatted
Cocoa paste not defatted,Cocoa powder and cake
Copra,Coconut oil
"Coconuts, in shell","Coconuts, desiccated"
"Coffee, green",Coffee extracts
Barley,Coffee substitutes
Chicory roots,Coffee substitutes
"Coffee, green",Coffee substitutes
Rye,Coffee substitutes
"Coffee, green","Coffee, decaffeinated or roasted"
Wheat and meslin flour,"Communion wafers, empty cachets of a kind suitable for pharmaceutical use, sealing wafers, rice paper and similar products."
"Coconuts, in shell",Copra
"Seed cotton, unginned","Cotton lint, ginned"
"Seed cotton, unginned",Cotton seed
Cotton seed,Cottonseed oil
Raw milk of cattle,"Cream, fresh"
Mushrooms and truffles,Dried mushrooms
"Buttermilk, curdled and acidified milk","Buttermilk, dry"
"Whey, fresh","Whey, dry"
"Meat of chickens, fresh or chilled","Edible offals and liver of chickens and guinea fowl, fresh, chilled or frozen"
"Meat of geese, fresh or chilled","Edible offals and liver of geese, fresh, chilled or frozen"
"Meat of turkeys, fresh or chilled","Edible offals and liver of turkey, fresh, chilled or frozen"
"Edible roots and tubers with high starch or inulin content, n.e.c., dry","Edible roots and tubers with high starch or inulin content, n.e.c., dry"
Sweet potatoes,"Edible roots and tubers with high starch or inulin content, n.e.c., dry"
Taro,"Edible roots and tubers with high starch or inulin content, n.e.c., dry"
"Hen eggs in shell, fresh","Eggs, dried"
"Hen eggs in shell, fresh","Eggs, liquid"
"Meat of cattle with the bone, fresh or chilled","Extracts and juices of meat, fish, crustaceans, molluscs or other aquatic invertebrates"
"Meat of chickens, fresh or chilled",Fat of poultry
"Meat of chickens, fresh or chilled",Fatty liver preparations
Figs,"Figs, dried"
Canary seed,Flour of cereals n.e.c.
Cereals n.e.c.,Flour of cereals n.e.c.
Quinoa,Flour of cereals n.e.c.
"Edible roots and tubers with high starch or inulin content, n.e.c., dry",Flour of roots and tubers n.e.c.
Sweet potatoes,Flour of roots and tubers n.e.c.
Taro,Flour of roots and tubers n.e.c.
Buckwheat,Flour of buckwheat
"Cassava, fresh",Flour of cassava
Fonio,Flour of fonio
Bananas,Flour of fruits
"Other fruits, n.e.c.",Flour of fruits
"Other tropical fruits, n.e.c.",Flour of fruits
Maize (corn),Flour of maize
Millet,Flour of millet
Mixed grain,Flour of mixed grain
Mustard seed,Flour of mustard seed
"Beans, dry",Flour of pulses
"Broad beans and horse beans, dry",Flour of pulses
"Chick peas, dry",Flour of pulses
"Lentils, dry",Flour of pulses
"Peas, dry",Flour of pulses
"Pigeon peas, dry",Flour of pulses
Other pulses n.e.c.,Flour of pulses
"Rice, broken",Flour of rice
Rye,Flour of rye
Sorghum,Flour of sorghum
Triticale,Flour of triticale
Potatoes,"Flour, meal, powder, flakes, granules and pellets of potatoes"
Mustard seed,"Flours and meals of oil seeds or oleaginous fruits, except those of mustard"
"Other oil seeds, n.e.c.","Flours and meals of oil seeds or oleaginous fruits, except those of mustard"
Rape or colza seed,"Flours and meals of oil seeds or oleaginous fruits, except those of mustard"
Soya beans,"Flours and meals of oil seeds or oleaginous fruits, except those of mustard"
Apples,"Fruit, nuts, peel, sugar preserved"
Apricots,"Fruit, nuts, peel, sugar preserved"
Cherries,"Fruit, nuts, peel, sugar preserved"
Peaches and nectarines,"Fruit, nuts, peel, sugar preserved"
Pears,"Fruit, nuts, peel, sugar preserved"
Plums and sloes,"Fruit, nuts, peel, sugar preserved"
Maize (corn),Germ of maize
Wheat,Germ of wheat
Raw milk of cattle,Ghee from cow milk
Raw milk of buffalo,Ghee from buffalo milk
"Malt, whether or not roasted",Glucose and dextrose
Starch of cassava,Glucose and dextrose
Starch of maize,Glucose and dextrose
Starch of potatoes,Glucose and dextrose
Starch of rice,Glucose and dextrose
Starch of wheat,Glucose and dextrose
Bran of maize,Gluten feed and meal
Cake of maize,Gluten feed and meal
Maize gluten,Gluten feed and meal
"Rice, gluten",Gluten feed and meal
Wheat gluten,Gluten feed and meal
Grapes,Grape juice
Must of grape,Grape juice
Pomelos and grapefruits,Grapefruit juice
Pomelos and grapefruits,"Grapefruit juice, concentrated"
"Groundnuts, shelled",Groundnut oil
"Groundnuts, excluding shelled","Groundnuts, shelled"
"Hazelnuts, in shell","Hazelnuts, shelled"
Apples,"Homogenized cooked fruit, prepared"
Apricots,"Homogenized cooked fruit, prepared"
Cherries,"Homogenized cooked fruit, prepared"
Peaches and nectarines,"Homogenized cooked fruit, prepared"
Pears,"Homogenized cooked fruit, prepared"
Plums and sloes,"Homogenized cooked fruit, prepared"
"Meat of cattle with the bone, fresh or chilled",Homogenized meat preparations
"Meat of chickens, fresh or chilled",Homogenized meat preparations
"Other vegetables, fresh n.e.c.",Homogenized vegetable preparations
Rice,Husked rice
Coconut oil,Industrial monocarboxylic fatty acids; acid oils from refining
Groundnut oil,Industrial monocarboxylic fatty acids; acid oils from refining
Oil of palm kernel,Industrial monocarboxylic fatty acids; acid oils from refining
Oil of sesame seed,Industrial monocarboxylic fatty acids; acid oils from refining
Palm oil,Industrial monocarboxylic fatty acids; acid oils from refining
"Rapeseed or canola oil, crude",Industrial monocarboxylic fatty acids; acid oils from refining
"Safflower-seed oil, crude",Industrial monocarboxylic fatty acids; acid oils from refining
Soya bean oil,Industrial monocarboxylic fatty acids; acid oils from refining
"Sunflower-seed oil, crude",Industrial monocarboxylic fatty acids; acid oils from refining
Tallow,Industrial monocarboxylic fatty acids; acid oils from refining
Glucose and dextrose,Isoglucose
Lemons and limes,Juice of citrus fruit n.e.c.
Oranges,Juice of citrus fruit n.e.c.
"Other citrus fruit, n.e.c.",Juice of citrus fruit n.e.c.
Pomelos and grapefruits,Juice of citrus fruit n.e.c.
"Tangerines, mandarins, clementines",Juice of citrus fruit n.e.c.
Apples,Juice of fruits n.e.c.
Cherries,Juice of fruits n.e.c.
Currants,Juice of fruits n.e.c.
Lemons and limes,Juice of fruits n.e.c.
"Mangoes, guavas and mangosteens",Juice of fruits n.e.c.
Oranges,Juice of fruits n.e.c.
Other berries and fruits of the genus vaccinium n.e.c.,Juice of fruits n.e.c.
"Other citrus fruit, n.e.c.",Juice of fruits n.e.c.
"Other fruits, n.e.c.",Juice of fruits n.e.c.
"Other tropical fruits, n.e.c.",Juice of fruits n.e.c.
Peaches and nectarines,Juice of fruits n.e.c.
Pears,Juice of fruits n.e.c.
Pineapples,Juice of fruits n.e.c.
Pomelos and grapefruits,Juice of fruits n.e.c.
Raspberries,Juice of fruits n.e.c.
Sour cherries,Juice of fruits n.e.c.
Other stone fruits,Juice of fruits n.e.c.
"Tangerines, mandarins, clementines",Juice of fruits n.e.c.
Lemons and limes,Juice of lemon
"Mangoes, guavas and mangosteens",Juice of mango
Pineapples,"Juice of pineapples, concentrated"
"Tangerines, mandarins, clementines",Juice of tangerine
Kapok fruit,"Kapok fibre, raw"
Kapok fruit,Kapokseed in shell
Kapokseed in shell,"Kapokseed, shelled"
"Whey, fresh",Lactose
"Pig fat, rendered",Lard stearine and lard oil
"Pig, butcher fat",Lard stearine and lard oil
Fat preparations n.e.c.,Lard stearine and lard oil
Lemons and limes,"Lemon juice, concentrated"
Soya bean oil,Liquid margarine
"Edible offal of cattle, fresh, chilled or frozen",Liver preparations
Flour of maize,Maize gluten
Maize (corn),Maize gluten
"Malt, whether or not roasted",Malt extract
Barley,"Malt, whether or not roasted"
Wheat,"Malt, whether or not roasted"
"Mangoes, guavas and mangosteens",Mango pulp
Animal oils and fats n.e.c.,Margarine and shortening
Coconut oil,Margarine and shortening
Cottonseed oil,Margarine and shortening
Groundnut oil,Margarine and shortening
"Mustard seed oil, crude",Margarine and shortening
Oil of castor beans,Margarine and shortening
Oil of linseed,Margarine and shortening
Oil of maize,Margarine and shortening
Oil of palm kernel,Margarine and shortening
Oil of rice bran,Margarine and shortening
Oil of sesame seed,Margarine and shortening
"Other oil of vegetable origin, crude n.e.c.",Margarine and shortening
Palm oil,Margarine and shortening
"Rapeseed or canola oil, crude",Margarine and shortening
"Safflower-seed oil, crude",Margarine and shortening
Soya bean oil,Margarine and shortening
"Sunflower-seed oil, crude",Margarine and shortening
Tallow,Margarine and shortening
Fat preparations n.e.c.,Margarine and shortening
hydrogenated oils and fats,Margarine and shortening
"Meat of cattle with the bone, fresh or chilled","Meat of cattle boneless, fresh or chilled"
"Meat of pig with the bone, fresh or chilled","Meat of pig boneless, fresh or chilled"
Sugar beet,Molasses
Sugar cane,Molasses
Grapes,Must of grape
Mustard seed,"Mustard seed oil, crude"
Natural rubber in primary forms,Natural rubber in other forms
Oats,"Oats, rolled"
Castor oil seeds,Oil of castor beans
Hempseed,Oil of hempseed
"Kapokseed, shelled",Oil of kapok
Linseed,Oil of linseed
Germ of maize,Oil of maize
Palm kernels,Oil of palm kernel
Bran of rice,Oil of rice bran
Sesame seed,Oil of sesame seed
Tung nuts,Oil of tung nuts
Olives,Olive oil
Olives,Olives preserved
Oranges,Orange juice
Oranges,"Orange juice, concentrated"
Starch of cassava,Other fructose and syrup
Starch of maize,Other fructose and syrup
Starch of potatoes,Other fructose and syrup
Starch of wheat,Other fructose and syrup
Apples,"Other fruit n.e.c., dried"
Bananas,"Other fruit n.e.c., dried"
Cherries,"Other fruit n.e.c., dried"
Dates,"Other fruit n.e.c., dried"
Figs,"Other fruit n.e.c., dried"
"Other fruits, n.e.c.","Other fruit n.e.c., dried"
"Other tropical fruits, n.e.c.","Other fruit n.e.c., dried"
Peaches and nectarines,"Other fruit n.e.c., dried"
Pears,"Other fruit n.e.c., dried"
Other stone fruits,"Other fruit n.e.c., dried"
"Edible offal of cattle, fresh, chilled or frozen","Other meat and edible meat offal, salted, in brine, dried or smoked; edible flours and meals of meat or meat offal"
"Cane sugar, non-centrifugal",Other non-alcoholic caloric beverages
Glucose and dextrose,Other non-alcoholic caloric beverages
Raw cane or beet sugar (centrifugal only),Other non-alcoholic caloric beverages
Refined sugar,Other non-alcoholic caloric beverages
Melonseed,"Other oil of vegetable origin, crude n.e.c."
"Other oil seeds, n.e.c.","Other oil of vegetable origin, crude n.e.c."
Bananas,"Other tropical fruit, dried"
Dates,"Other tropical fruit, dried"
"Other tropical fruits, n.e.c.","Other tropical fruit, dried"
Carrots and turnips,Other vegetable juices
"Other vegetables, fresh n.e.c.",Other vegetable juices
Tomatoes,Other vegetable juices
Artichokes,Other vegetables provisionally preserved
Asparagus,Other vegetables provisionally preserved
"Broad beans and horse beans, green",Other vegetables provisionally preserved
Cabbages,Other vegetables provisionally preserved
Carrots and turnips,Other vegetables provisionally preserved
Cauliflowers and broccoli,Other vegetables provisionally preserved
"Chillies and peppers, green (Capsicum spp. and Pimenta spp.)",Other vegetables provisionally preserved
Cucumbers and gherkins,Other vegetables provisionally preserved
Eggplants (aubergines),Other vegetables provisionally preserved
Green corn (maize),Other vegetables provisionally preserved
"Onions and shallots, dry (excluding dehydrated)",Other vegetables provisionally preserved
"Onions and shallots, green",Other vegetables provisionally preserved
"Other beans, green",Other vegetables provisionally preserved
"Other vegetables, fresh n.e.c.",Other vegetables provisionally preserved
"Peas, green",Other vegetables provisionally preserved
"Pumpkins, squash and gourds",Other vegetables provisionally preserved
Spinach,Other vegetables provisionally preserved
Oil palm fruit,Palm kernels
Oil palm fruit,Palm oil
Tomatoes,Paste of tomatoes
Wheat and meslin flour,Pastry
"Groundnuts, shelled",Peanut butter
Fat of pigs,"Pig fat, rendered"
"Pig, butcher fat","Pig fat, rendered"
"Meat of pig boneless, fresh or chilled",Pig meat preparations
"Meat of pig with the bone, fresh or chilled",Pig meat preparations
"Meat of pig with the bone, fresh or chilled","Pig meat, cuts, salted, dried or smoked (bacon and ham)"
"Meat of pig with the bone, fresh or chilled","Pig, butcher fat"
Pineapples,Pineapple juice
Pineapples,"Pineapples, otherwise prepared or preserved"
Plums and sloes,"Plums, dried"
Barley,Pot barley
Potatoes,"Potatoes, frozen"
Fat of poultry,"Poultry fat, rendered"
"Meat of chickens, fresh or chilled",Poultry meat preparations
"Groundnuts, shelled",Prepared groundnuts
"Almonds, shelled",Prepared nuts
"Brazil nuts, shelled",Prepared nuts
"Cashew nuts, shelled",Prepared nuts
"Groundnuts, shelled",Prepared nuts
"Hazelnuts, shelled",Prepared nuts
"Other nuts (excluding wild edible nuts and groundnuts), in shell, n.e.c.",Prepared nuts
"Pistachios, in shell",Prepared nuts
"Walnuts, shelled",Prepared nuts
Cheese from skimmed cow milk,Processed cheese
Cheese from whole cow milk,Processed cheese
"Cream, fresh",Processed cheese
Whey cheese,Processed cheese
Grapes,Raisins
Rape or colza seed,"Rapeseed or canola oil, crude"
Sugar beet,Raw cane or beet sugar (centrifugal only)
Sugar cane,Raw cane or beet sugar (centrifugal only)
Raw hides and skins of sheep or lambs,Raw hides and skins of sheep or lambs
Raw cane or beet sugar (centrifugal only),Refined sugar
Palm oil,Residues of fatty substances
"Rice, milled","Rice, broken"
"Rice, milled (husked)","Rice, broken"
"Rice, broken","Rice, gluten"
Rice,"Rice, milled"
Husked rice,"Rice, milled (husked)"
"Rice, broken",Rice-fermented beverages
"Rice, milled (husked)",Rice-fermented beverages
Safflower seed,"Safflower-seed oil, crude"
"Meat of cattle boneless, fresh or chilled","Sausages and similar products of meat, offal or blood of beef and veal"
"Meat of cattle with the bone, fresh or chilled","Sausages and similar products of meat, offal or blood of beef and veal"
"Meat of pig boneless, fresh or chilled","Sausages and similar products of meat, offal or blood of pig"
"Meat of pig with the bone, fresh or chilled","Sausages and similar products of meat, offal or blood of pig"
Skim milk of cows,Skim milk and whey powder
Raw milk of buffalo,Skim milk of buffalo
Raw milk of cattle,Skim milk of cows
Skim milk of cows,"Skim milk, condensed"
Skim milk of cows,"Skim milk, evaporated"
Raw milk of sheep,Skim sheep milk
Raw hides and skins of goats or kids,Raw hides and skins of goats or kids
Soya beans,Soya bean oil
Soya beans,Soya curd
Soya beans,Soya paste
Soya beans,Soya sauce
"Cassava, fresh",Starch of cassava
Flour of maize,Starch of maize
Maize (corn),Starch of maize
"Flour, meal, powder, flakes, granules and pellets of potatoes",Starch of potatoes
Potatoes,Starch of potatoes
Sweet potatoes,Starch of potatoes
"Rice, broken",Starch of rice
Wheat and meslin flour,Starch of wheat
Other sugar crops n.e.c.,Sugar and syrups n.e.c.
Refined sugar,Sugar and syrups n.e.c.
Sugar cane,Sugar and syrups n.e.c.
Refined sugar,Sugar confectionery
Sunflower seed,"Sunflower-seed oil, crude"
Green corn (maize),"Sweet corn, frozen"
Green corn (maize),"Sweet corn, prepared or preserved"
Animal oils and fats n.e.c.,Tallow
"Buffalo fat, unrendered",Tallow
"Cattle fat, unrendered",Tallow
"Cattle, butcher fat",Tallow
Fat of pigs,Tallow
"Goat fat, unrendered",Tallow
"Pig, butcher fat",Tallow
"Sheep fat, unrendered",Tallow
"Cassava, fresh",Tapioca of cassava
"Flour, meal, powder, flakes, granules and pellets of potatoes",Tapioca of potatoes
Potatoes,Tapioca of potatoes
Tomatoes,Tomato juice
Tomatoes,"Tomatoes, peeled (o/t vinegar)"
Wheat and meslin flour,"Uncooked pasta, not stuffed or otherwise prepared"
Apples,Undenatured ethyl alcohol of an alcoholic strength by volume of 80% vol or higher
Apricots,Undenatured ethyl alcohol of an alcoholic strength by volume of 80% vol or higher
"Cassava, fresh",Undenatured ethyl alcohol of an alcoholic strength by volume of 80% vol or higher
Maize (corn),Undenatured ethyl alcohol of an alcoholic strength by volume of 80% vol or higher
"Malt, whether or not roasted",Undenatured ethyl alcohol of an alcoholic strength by volume of 80% vol or higher
Mixed grain,Undenatured ethyl alcohol of an alcoholic strength by volume of 80% vol or higher
Molasses,Undenatured ethyl alcohol of an alcoholic strength by volume of 80% vol or higher
Cereals n.e.c.,Undenatured ethyl alcohol of an alcoholic strength by volume of 80% vol or higher
"Other fruits, n.e.c.",Undenatured ethyl alcohol of an alcoholic strength by volume of 80% vol or higher
"Other tropical fruits, n.e.c.",Undenatured ethyl alcohol of an alcoholic strength by volume of 80% vol or higher
Plums and sloes,Undenatured ethyl alcohol of an alcoholic strength by volume of 80% vol or higher
Potatoes,Undenatured ethyl alcohol of an alcoholic strength by volume of 80% vol or higher
"Rice, broken",Undenatured ethyl alcohol of an alcoholic strength by volume of 80% vol or higher
Rye,Undenatured ethyl alcohol of an alcoholic strength by volume of 80% vol or higher
Starch of maize,Undenatured ethyl alcohol of an alcoholic strength by volume of 80% vol or higher
Sugar beet,Undenatured ethyl alcohol of an alcoholic strength by volume of 80% vol or higher
Sugar cane,Undenatured ethyl alcohol of an alcoholic strength by volume of 80% vol or higher
Watermelons,Undenatured ethyl alcohol of an alcoholic strength by volume of 80% vol or higher
Wheat,Undenatured ethyl alcohol of an alcoholic strength by volume of 80% vol or higher
Apples,"Undenatured ethyl alcohol of an alcoholic strength by volume of less than 80% vol; spirits, liqueurs and other spirituous beverages"
Apricots,"Undenatured ethyl alcohol of an alcoholic strength by volume of less than 80% vol; spirits, liqueurs and other spirituous beverages"
Bananas,"Undenatured ethyl alcohol of an alcoholic strength by volume of less than 80% vol; spirits, liqueurs and other spirituous beverages"
Barley,"Undenatured ethyl alcohol of an alcoholic strength by volume of less than 80% vol; spirits, liqueurs and other spirituous beverages"
"Cane sugar, non-centrifugal","Undenatured ethyl alcohol of an alcoholic strength by volume of less than 80% vol; spirits, liqueurs and other spirituous beverages"
"Cassava, dry","Undenatured ethyl alcohol of an alcoholic strength by volume of less than 80% vol; spirits, liqueurs and other spirituous beverages"
"Cassava, fresh","Undenatured ethyl alcohol of an alcoholic strength by volume of less than 80% vol; spirits, liqueurs and other spirituous beverages"
Cherries,"Undenatured ethyl alcohol of an alcoholic strength by volume of less than 80% vol; spirits, liqueurs and other spirituous beverages"
Currants,"Undenatured ethyl alcohol of an alcoholic strength by volume of less than 80% vol; spirits, liqueurs and other spirituous beverages"
Dates,"Undenatured ethyl alcohol of an alcoholic strength by volume of less than 80% vol; spirits, liqueurs and other spirituous beverages"
Glucose and dextrose,"Undenatured ethyl alcohol of an alcoholic strength by volume of less than 80% vol; spirits, liqueurs and other spirituous beverages"
Grapes,"Undenatured ethyl alcohol of an alcoholic strength by volume of less than 80% vol; spirits, liqueurs and other spirituous beverages"
Juice of fruits n.e.c.,"Undenatured ethyl alcohol of an alcoholic strength by volume of less than 80% vol; spirits, liqueurs and other spirituous beverages"
Maize (corn),"Undenatured ethyl alcohol of an alcoholic strength by volume of less than 80% vol; spirits, liqueurs and other spirituous beverages"
"Malt, whether or not roasted","Undenatured ethyl alcohol of an alcoholic strength by volume of less than 80% vol; spirits, liqueurs and other spirituous beverages"
Mixed grain,"Undenatured ethyl alcohol of an alcoholic strength by volume of less than 80% vol; spirits, liqueurs and other spirituous beverages"
Molasses,"Undenatured ethyl alcohol of an alcoholic strength by volume of less than 80% vol; spirits, liqueurs and other spirituous beverages"
Must of grape,"Undenatured ethyl alcohol of an alcoholic strength by volume of less than 80% vol; spirits, liqueurs and other spirituous beverages"
Oats,"Undenatured ethyl alcohol of an alcoholic strength by volume of less than 80% vol; spirits, liqueurs and other spirituous beverages"
Other berries and fruits of the genus vaccinium n.e.c.,"Undenatured ethyl alcohol of an alcoholic strength by volume of less than 80% vol; spirits, liqueurs and other spirituous beverages"
Cereals n.e.c.,"Undenatured ethyl alcohol of an alcoholic strength by volume of less than 80% vol; spirits, liqueurs and other spirituous beverages"
"Other fruits, n.e.c.","Undenatured ethyl alcohol of an alcoholic strength by volume of less than 80% vol; spirits, liqueurs and other spirituous beverages"
"Other tropical fruits, n.e.c.","Undenatured ethyl alcohol of an alcoholic strength by volume of less than 80% vol; spirits, liqueurs and other spirituous beverages"
Peaches and nectarines,"Undenatured ethyl alcohol of an alcoholic strength by volume of less than 80% vol; spirits, liqueurs and other spirituous beverages"
Pears,"Undenatured ethyl alcohol of an alcoholic strength by volume of less than 80% vol; spirits, liqueurs and other spirituous beverages"
Plums and sloes,"Undenatured ethyl alcohol of an alcoholic strength by volume of less than 80% vol; spirits, liqueurs and other spirituous beverages"
Potatoes,"Undenatured ethyl alcohol of an alcoholic strength by volume of less than 80% vol; spirits, liqueurs and other spirituous beverages"
Raspberries,"Undenatured ethyl alcohol of an alcoholic strength by volume of less than 80% vol; spirits, liqueurs and other spirituous beverages"
Refined sugar,"Undenatured ethyl alcohol of an alcoholic strength by volume of less than 80% vol; spirits, liqueurs and other spirituous beverages"
"Rice, broken","Undenatured ethyl alcohol of an alcoholic strength by volume of less than 80% vol; spirits, liqueurs and other spirituous beverages"
Rye,"Undenatured ethyl alcohol of an alcoholic strength by volume of less than 80% vol; spirits, liqueurs and other spirituous beverages"
Sorghum,"Undenatured ethyl alcohol of an alcoholic strength by volume of less than 80% vol; spirits, liqueurs and other spirituous beverages"
Sour cherries,"Undenatured ethyl alcohol of an alcoholic strength by volume of less than 80% vol; spirits, liqueurs and other spirituous beverages"
Starch of cassava,"Undenatured ethyl alcohol of an alcoholic strength by volume of less than 80% vol; spirits, liqueurs and other spirituous beverages"
Starch of maize,"Undenatured ethyl alcohol of an alcoholic strength by volume of less than 80% vol; spirits, liqueurs and other spirituous beverages"
Starch of potatoes,"Undenatured ethyl alcohol of an alcoholic strength by volume of less than 80% vol; spirits, liqueurs and other spirituous beverages"
Starch of wheat,"Undenatured ethyl alcohol of an alcoholic strength by volume of less than 80% vol; spirits, liqueurs and other spirituous beverages"
Strawberries,"Undenatured ethyl alcohol of an alcoholic strength by volume of less than 80% vol; spirits, liqueurs and other spirituous beverages"
Sugar beet,"Undenatured ethyl alcohol of an alcoholic strength by volume of less than 80% vol; spirits, liqueurs and other spirituous beverages"
Sugar cane,"Undenatured ethyl alcohol of an alcoholic strength by volume of less than 80% vol; spirits, liqueurs and other spirituous beverages"
Watermelons,"Undenatured ethyl alcohol of an alcoholic strength by volume of less than 80% vol; spirits, liqueurs and other spirituous beverages"
Wheat,"Undenatured ethyl alcohol of an alcoholic strength by volume of less than 80% vol; spirits, liqueurs and other spirituous beverages"
Wine,"Undenatured ethyl alcohol of an alcoholic strength by volume of less than 80% vol; spirits, liqueurs and other spirituous beverages"
Tallowtree seeds,Vegetable tallow
Artichokes,Vegetables frozen
Asparagus,Vegetables frozen
"Broad beans and horse beans, green",Vegetables frozen
Cauliflowers and broccoli,Vegetables frozen
"Chillies and peppers, green (Capsicum spp. and Pimenta spp.)",Vegetables frozen
Green corn (maize),Vegetables frozen
"Onions and shallots, dry (excluding dehydrated)",Vegetables frozen
"Other beans, green",Vegetables frozen
"Other vegetables, fresh n.e.c.",Vegetables frozen
"Peas, green",Vegetables frozen
"Pumpkins, squash and gourds",Vegetables frozen
Spinach,Vegetables frozen
String beans,Vegetables frozen
"Other vegetables, fresh n.e.c.",Vegetables preserved (frozen)
Artichokes,Vegetables preserved nes (o/t vinegar)
Asparagus,Vegetables preserved nes (o/t vinegar)
"Broad beans and horse beans, green",Vegetables preserved nes (o/t vinegar)
Cabbages,Vegetables preserved nes (o/t vinegar)
Carrots and turnips,Vegetables preserved nes (o/t vinegar)
Cauliflowers and broccoli,Vegetables preserved nes (o/t vinegar)
"Chillies and peppers, green (Capsicum spp. and Pimenta spp.)",Vegetables preserved nes (o/t vinegar)
Cucumbers and gherkins,Vegetables preserved nes (o/t vinegar)
Eggplants (aubergines),Vegetables preserved nes (o/t vinegar)
Mushrooms and truffles,Vegetables preserved nes (o/t vinegar)
"Onions and shallots, dry (excluding dehydrated)",Vegetables preserved nes (o/t vinegar)
"Onions and shallots, green",Vegetables preserved nes (o/t vinegar)
"Other beans, green",Vegetables preserved nes (o/t vinegar)
"Other vegetables, fresh n.e.c.",Vegetables preserved nes (o/t vinegar)
"Peas, green",Vegetables preserved nes (o/t vinegar)
"Pigeon peas, dry",Vegetables preserved nes (o/t vinegar)
"Pumpkins, squash and gourds",Vegetables preserved nes (o/t vinegar)
String beans,Vegetables preserved nes (o/t vinegar)
Tomatoes,Vegetables preserved nes (o/t vinegar)
Carrots and turnips,"Vegetables, dehydrated"
Eggplants (aubergines),"Vegetables, dehydrated"
Green garlic,"Vegetables, dehydrated"
"Onions and shallots, dry (excluding dehydrated)","Vegetables, dehydrated"
"Other vegetables, fresh n.e.c.","Vegetables, dehydrated"
Artichokes,"Vegetables, pulses and potatoes, preserved by vinegar or acetic acid"
Asparagus,"Vegetables, pulses and potatoes, preserved by vinegar or acetic acid"
"Broad beans and horse beans, green","Vegetables, pulses and potatoes, preserved by vinegar or acetic acid"
Cabbages,"Vegetables, pulses and potatoes, preserved by vinegar or acetic acid"
Carrots and turnips,"Vegetables, pulses and potatoes, preserved by vinegar or acetic acid"
Cauliflowers and broccoli,"Vegetables, pulses and potatoes, preserved by vinegar or acetic acid"
"Chillies and peppers, green (Capsicum spp. and Pimenta spp.)","Vegetables, pulses and potatoes, preserved by vinegar or acetic acid"
Cucumbers and gherkins,"Vegetables, pulses and potatoes, preserved by vinegar or acetic acid"
Eggplants (aubergines),"Vegetables, pulses and potatoes, preserved by vinegar or acetic acid"
Mushrooms and truffles,"Vegetables, pulses and potatoes, preserved by vinegar or acetic acid"
"Onions and shallots, dry (excluding dehydrated)","Vegetables, pulses and potatoes, preserved by vinegar or acetic acid"
"Onions and shallots, green","Vegetables, pulses and potatoes, preserved by vinegar or acetic acid"
"Other beans, green","Vegetables, pulses and potatoes, preserved by vinegar or acetic acid"
"Other vegetables, fresh n.e.c.","Vegetables, pulses and potatoes, preserved by vinegar or acetic acid"
"Peas, green","Vegetables, pulses and potatoes, preserved by vinegar or acetic acid"
"Pumpkins, squash and gourds","Vegetables, pulses and potatoes, preserved by vinegar or acetic acid"
String beans,"Vegetables, pulses and potatoes, preserved by vinegar or acetic acid"
Wine,Vermouth and other wine of fresh grapes flavoured with plats or aromatic substances
"Walnuts, in shell","Walnuts, shelled"
Wheat,Wheat and meslin flour
Wheat and meslin flour,Wheat gluten
Wheat and meslin flour,Wheat-fermented beverages
"Whey, fresh",Whey cheese
"Whey, fresh","Whey, condensed"
Raw milk of cattle,"Whey, fresh"
Raw milk of goats,"Whey, fresh"
Raw milk of sheep,"Whey, fresh"
Skim milk of cows,"Whey, fresh"
Skim sheep milk,"Whey, fresh"
Raw milk of cattle,Whole milk powder
Raw milk of cattle,"Whole milk, condensed"
Whole milk powder,"Whole milk, condensed"
Raw milk of cattle,"Whole milk, evaporated"
Whole milk powder,"Whole milk, evaporated"
Grapes,Wine
Must of grape,Wine
Raw milk of cattle,Yoghurt
Skim milk of cows,Yoghurt
"Meat of cattle boneless, fresh or chilled",beef and veal preparations nes
"Meat of cattle with the bone, fresh or chilled",beef and veal preparations nes
Animal oils and fats n.e.c.,Fat preparations n.e.c.
"Buffalo fat, unrendered",Fat preparations n.e.c.
"Cattle fat, unrendered",Fat preparations n.e.c.
"Cattle, butcher fat",Fat preparations n.e.c.
Coconut oil,Fat preparations n.e.c.
Cottonseed oil,Fat preparations n.e.c.
Fat of pigs,Fat preparations n.e.c.
Fat of poultry,Fat preparations n.e.c.
"Goat fat, unrendered",Fat preparations n.e.c.
Groundnut oil,Fat preparations n.e.c.
Oil of castor beans,Fat preparations n.e.c.
Oil of linseed,Fat preparations n.e.c.
Oil of palm kernel,Fat preparations n.e.c.
Oil of sesame seed,Fat preparations n.e.c.
"Other oil of vegetable origin, crude n.e.c.",Fat preparations n.e.c.
Palm oil,Fat preparations n.e.c.
"Pig fat, rendered",Fat preparations n.e.c.
"Pig, butcher fat",Fat preparations n.e.c.
"Poultry fat, rendered",Fat preparations n.e.c.
"Rapeseed or canola oil, crude",Fat preparations n.e.c.
"Safflower-seed oil, crude",Fat preparations n.e.c.
"Sheep fat, unrendered",Fat preparations n.e.c.
Soya bean oil,Fat preparations n.e.c.
"Sunflower-seed oil, crude",Fat preparations n.e.c.
Tallow,Fat preparations n.e.c.
Apples,Fruit prepared n.e.c.
Apricots,Fruit prepared n.e.c.
Avocados,Fruit prepared n.e.c.
Bananas,Fruit prepared n.e.c.
Cherries,Fruit prepared n.e.c.
Currants,Fruit prepared n.e.c.
Dates,Fruit prepared n.e.c.
Figs,Fruit prepared n.e.c.
Grapes,Fruit prepared n.e.c.
Lemons and limes,Fruit prepared n.e.c.
"Mangoes, guavas and mangosteens",Fruit prepared n.e.c.
Oranges,Fruit prepared n.e.c.
Other berries and fruits of the genus vaccinium n.e.c.,Fruit prepared n.e.c.
"Other citrus fruit, n.e.c.",Fruit prepared n.e.c.
"Other fruits, n.e.c.",Fruit prepared n.e.c.
"Other tropical fruits, n.e.c.",Fruit prepared n.e.c.
Peaches and nectarines,Fruit prepared n.e.c.
Pears,Fruit prepared n.e.c.
Pineapples,Fruit prepared n.e.c.
Plums and sloes,Fruit prepared n.e.c.
Pomelos and grapefruits,Fruit prepared n.e.c.
Quinces,Fruit prepared n.e.c.
Raspberries,Fruit prepared n.e.c.
Sour cherries,Fruit prepared n.e.c.
Other stone fruits,Fruit prepared n.e.c.
Strawberries,Fruit prepared n.e.c.
"Tangerines, mandarins, clementines",Fruit prepared n.e.c.
Coconut oil,hydrogenated oils and fats
Cottonseed oil,hydrogenated oils and fats
Groundnut oil,hydrogenated oils and fats
"Mustard seed oil, crude",hydrogenated oils and fats
Oil of linseed,hydrogenated oils and fats
Oil of maize,hydrogenated oils and fats
Oil of palm kernel,hydrogenated oils and fats
Oil of rice bran,hydrogenated oils and fats
Oil of sesame seed,hydrogenated oils and fats
"Other oil of vegetable origin, crude n.e.c.",hydrogenated oils and fats
Palm oil,hydrogenated oils and fats
"Rapeseed or canola oil, crude",hydrogenated oils and fats
"Safflower-seed oil, crude",hydrogenated oils and fats
Soya bean oil,hydrogenated oils and fats
"Sunflower-seed oil, crude",hydrogenated oils and fats
Tallow,hydrogenated oils and fats
"Meat of cattle with the bone, fresh or chilled",Meat prepared n.e.c.
"Cane sugar, centrifugal","Refined cane or beet sugar, in solid form, containing added flavouring or colouring matter; maple sugar and maple syrup"
Raw cane or beet sugar (centrifugal only),"Refined cane or beet sugar, in solid form, containing added flavouring or colouring matter; maple sugar and maple syrup"
Sugar cane,"Cane sugar, centrifugal"
Plums and sloes,Juice of plum
Plums and sloes,"Juice of plum, concentrated"
Poppy seed,Oil of poppy seed
Poppy seed,"Cake, poppy seed"
Castor oil seeds,"Castor oil, hydrogenated"
Jojoba seeds,Jojoba oil
Tea leaves,"Extracts, essences and concentrates of tea or mate, and preparations with a basis thereof or with a basis of tea or maté"
Maté leaves,"Extracts, essences and concentrates of tea or mate, and preparations with a basis thereof or with a basis of tea or maté"
"Skim milk, condensed",Reconstituted milk
"Skim milk, evaporated",Reconstituted milk
Skim milk and whey powder,Reconstituted milk
"Buttermilk, dry",Reconstituted milk
Raw milk of cattle,Standardized milk
Raw milk of cattle,"Yoghurt, with additives"
Raw milk of goats,Butter of goat milk
Raw milk of goats,Skim milk of goat
"Cream, fresh",Ice cream and other edible ice
Raw milk of cattle,Ice cream and other edible ice
"Refined cane or beet sugar, in solid form, containing added flavouring or colouring matter; maple sugar and maple syrup",Ice cream and other edible ice
Raw cane or beet sugar (centrifugal only),Ice cream and other edible ice
Refined sugar,Ice cream and other edible ice
Sugar and syrups n.e.c.,Ice cream and other edible ice
"Cane sugar, non-centrifugal",Ice cream and other edible ice
"Cane sugar, centrifugal",Ice cream and other edible ice
Raw milk of cattle,Dairy products n.e.c.
Raw milk of sheep,Dairy products n.e.c.
Raw milk of goats,Dairy products n.e.c.
Raw milk of buffalo,Dairy products n.e.c.
Raw milk of camel,Dairy products n.e.c.
"Cream, fresh",Dairy products n.e.c.
Butter of cow milk,Dairy products n.e.c.
Ghee from cow milk,Dairy products n.e.c.
Skim milk of cows,Dairy products n.e.c.
"Buttermilk, curdled and acidified milk",Dairy products n.e.c.
Whole milk powder,Dairy products n.e.c.
"Whole milk, condensed",Dairy products n.e.c.
"Whole milk, evaporated",Dairy products n.e.c.
"Skim milk, evaporated",Dairy products n.e.c.
"Skim milk, condensed",Dairy products n.e.c.
Skim milk and whey powder,Dairy products n.e.c.
"Buttermilk, dry",Dairy products n.e.c.
Reconstituted milk,Dairy products n.e.c.
Standardized milk,Dairy products n.e.c.
Cheese from whole cow milk,Dairy products n.e.c.
Cheese from skimmed cow milk,Dairy products n.e.c.
"Whey, fresh",Dairy products n.e.c.
"Whey, dry",Dairy products n.e.c.
"Whey, condensed",Dairy products n.e.c.
Whey cheese,Dairy products n.e.c.
Processed cheese,Dairy products n.e.c.
Casein,Dairy products n.e.c.
Yoghurt,Dairy products n.e.c.
"Yoghurt, with additives",Dairy products n.e.c.
Butter and ghee of sheep milk,Dairy products n.e.c.
Skim sheep milk,Dairy products n.e.c.
"Cheese from milk of sheep, fresh or processed",Dairy products n.e.c.
Butter of goat milk,Dairy products n.e.c.
Skim milk of goat,Dairy products n.e.c.
"Cheese from milk of goats, fresh or processed",Dairy products n.e.c.
Butter of buffalo milk,Dairy products n.e.c.
Ghee from buffalo milk,Dairy products n.e.c.
Skim milk of buffalo,Dairy products n.e.c.
"Cheese from milk of buffalo, fresh or processed",Dairy products n.e.c.
Wheat and meslin flour,Mixes and doughs for the preparation of bakers' wares
Flour of rice,Mixes and doughs for the preparation of bakers' wares
Barley flour and grits,Mixes and doughs for the preparation of bakers' wares
Flour of maize,Mixes and doughs for the preparation of bakers' wares
Flour of rye,Mixes and doughs for the preparation of bakers' wares
Flour of millet,Mixes and doughs for the preparation of bakers' wares
Flour of sorghum,Mixes and doughs for the preparation of bakers' wares
Flour of buckwheat,Mixes and doughs for the preparation of bakers' wares
Flour of triticale,Mixes and doughs for the preparation of bakers' wares
Flour of mixed grain,Mixes and doughs for the preparation of bakers' wares
Flour of cereals n.e.c.,Mixes and doughs for the preparation of bakers' wares
Flour of fonio,Mixes and doughs for the preparation of bakers' wares
Flour of fruits,Mixes and doughs for the preparation of bakers' wares
Flour of pulses,Mixes and doughs for the preparation of bakers' wares
Butter of cow milk,Mixes and doughs for the preparation of bakers' wares
Cocoa powder and cake,Mixes and doughs for the preparation of bakers' wares
Wheat and meslin flour,"Food preparations of flour, meal or malt extract"
Flour of rice,"Food preparations of flour, meal or malt extract"
Barley flour and grits,"Food preparations of flour, meal or malt extract"
Flour of maize,"Food preparations of flour, meal or malt extract"
Flour of rye,"Food preparations of flour, meal or malt extract"
Flour of millet,"Food preparations of flour, meal or malt extract"
Flour of sorghum,"Food preparations of flour, meal or malt extract"
Flour of buckwheat,"Food preparations of flour, meal or malt extract"
Flour of triticale,"Food preparations of flour, meal or malt extract"
Flour of mixed grain,"Food preparations of flour, meal or malt extract"
Flour of cereals n.e.c.,"Food preparations of flour, meal or malt extract"
Flour of fonio,"Food preparations of flour, meal or malt extract"
"Food preparations of flour, meal or malt extract","Food preparations of flour, meal or malt extract"
"Flour, meal, powder, flakes, granules and pellets of potatoes","Food preparations of flour, meal or malt extract"
Flour of cassava,"Food preparations of flour, meal or malt extract"
Flour of roots and tubers n.e.c.,"Food preparations of flour, meal or malt extract"
Flour of fruits,"Food preparations of flour, meal or malt extract"
Flour of mustard seed,"Food preparations of flour, meal or malt extract"
"Flours and meals of oil seeds or oleaginous fruits, except those of mustard","Food preparations of flour, meal or malt extract"
Flour of pulses,"Food preparations of flour, meal or malt extract"
"Other meat and edible meat offal, salted, in brine, dried or smoked; edible flours and meals of meat or meat offal","Food preparations of flour, meal or malt extract"
Gluten feed and meal,"Food preparations of flour, meal or malt extract"
Malt extract,"Food preparations of flour, meal or malt extract"
Cabbages,"Vegetable products, fresh or dry n.e.c."
Artichokes,"Vegetable products, fresh or dry n.e.c."
Asparagus,"Vegetable products, fresh or dry n.e.c."
Lettuce and chicory,"Vegetable products, fresh or dry n.e.c."
Spinach,"Vegetable products, fresh or dry n.e.c."
Tomatoes,"Vegetable products, fresh or dry n.e.c."
Cauliflowers and broccoli,"Vegetable products, fresh or dry n.e.c."
"Pumpkins, squash and gourds","Vegetable products, fresh or dry n.e.c."
Cucumbers and gherkins,"Vegetable products, fresh or dry n.e.c."
Eggplants (aubergines),"Vegetable products, fresh or dry n.e.c."
"Chillies and peppers, green (Capsicum spp. and Pimenta spp.)","Vegetable products, fresh or dry n.e.c."
"Onions and shallots, green","Vegetable products, fresh or dry n.e.c."
"Onions and shallots, dry (excluding dehydrated)","Vegetable products, fresh or dry n.e.c."
Green garlic,"Vegetable products, fresh or dry n.e.c."
Leeks and other alliaceous vegetables,"Vegetable products, fresh or dry n.e.c."
"Other beans, green","Vegetable products, fresh or dry n.e.c."
"Peas, green","Vegetable products, fresh or dry n.e.c."
"Broad beans and horse beans, green","Vegetable products, fresh or dry n.e.c."
Carrots and turnips,"Vegetable products, fresh or dry n.e.c."
Green corn (maize),"Vegetable products, fresh or dry n.e.c."
Mushrooms and truffles,"Vegetable products, fresh or dry n.e.c."
"Other vegetables, fresh n.e.c.","Vegetable products, fresh or dry n.e.c."
Okra,"Vegetable products, fresh or dry n.e.c."
String beans,"Vegetable products, fresh or dry n.e.c."
Tomato juice,"Vegetable products, fresh or dry n.e.c."
Paste of tomatoes,"Vegetable products, fresh or dry n.e.c."
"Tomatoes, peeled (o/t vinegar)","Vegetable products, fresh or dry n.e.c."
"Sweet corn, frozen","Vegetable products, fresh or dry n.e.c."
"Sweet corn, prepared or preserved","Vegetable products, fresh or dry n.e.c."
Dried mushrooms,"Vegetable products, fresh or dry n.e.c."
Canned mushrooms,"Vegetable products, fresh or dry n.e.c."
Other vegetable juices,"Vegetable products, fresh or dry n.e.c."
"Vegetables, dehydrated","Vegetable products, fresh or dry n.e.c."
"Vegetables, pulses and potatoes, preserved by vinegar or acetic acid","Vegetable products, fresh or dry n.e.c."
Vegetables preserved nes (o/t vinegar),"Vegetable products, fresh or dry n.e.c."
Vegetables frozen,"Vegetable products, fresh or dry n.e.c."
Other vegetables provisionally preserved,"Vegetable products, fresh or dry n.e.c."
Vegetables preserved (frozen),"Vegetable products, fresh or dry n.e.c."
Homogenized vegetable preparations,"Vegetable products, fresh or dry n.e.c."
"Meat of ducks, fresh or chilled","Edible offals and liver of ducks, fresh, chilled or frozen"
Horses,"Edible offals of horses and other equines,  fresh, chilled or frozen"
Tea leaves,"Green tea (not fermented), black tea (fermented) and partly fermented tea, in immediate packings of a content not exceeding 3 kg"
Wheat,"Alcohol, Non-Food"
Barley,"Alcohol, Non-Food"
Maize (corn),"Alcohol, Non-Food"
Rye,"Alcohol, Non-Food"
Sorghum,"Alcohol, Non-Food"
Cereals n.e.c.,"Alcohol, Non-Food"
Potatoes,"Alcohol, Non-Food"
"Cassava, fresh","Alcohol, Non-Food"
Sugar cane,"Alcohol, Non-Food"
Sugar beet,"Alcohol, Non-Food"
Apples,"Alcohol, Non-Food"
Grapes,"Alcohol, Non-Food"
"Other fruits, n.e.c.","Alcohol, Non-Food"
Wine,"Alcohol, Non-Food"
Rice,"Alcohol, Non-Food"
Unmanufactured tobacco,Cigarettes
Unmanufactured tobacco,Cigars and cheroots
"Shorn wool, greasy, including fleece-washed shorn wool","Wool, degreased or carbonized, not carded or combed"
Demersal Fish,"Fish, Body Oil"
Freshwater Fish,"Fish, Body Oil"
"Marine Fish, Other","Fish, Body Oil"
Pelagic Fish,"Fish, Body Oil"
Demersal Fish,"Fish, Liver Oil"
Freshwater Fish,"Fish, Liver Oil"
"Marine Fish, Other","Fish, Liver Oil"
Pelagic Fish,"Fish, Liver Oil"
"Meat of turkeys, fresh or chilled","Edible offals and liver of turkey, fresh, chilled or frozen"
"Meat of ducks, fresh or chilled","Edible offals and liver of ducks, fresh, chilled or frozen"
"Meat of geese, fresh or chilled","Edible offals and liver of geese, fresh, chilled or frozen"
"Meat of chickens, fresh or chilled","Edible offals and liver of chickens and guinea fowl, fresh, chilled or frozen"
"Cane sugar, centrifugal","Refined cane or beet sugar, in solid form, containing added flavouring or colouring matter; maple sugar and maple syrup"
Raw cane or beet sugar (centrifugal only),"Refined cane or beet sugar, in solid form, containing added flavouring or colouring matter; maple sugar and maple syrup"
Sugar cane,"Cane sugar, centrifugal"
Plums and sloes,Juice of plum
Plums and sloes,"Juice of plum, concentrated"
Poppy seed,Oil of poppy seed
Poppy seed,"Cake, poppy seed"
Castor oil seeds,"Castor oil, hydrogenated"
Jojoba seeds,Jojoba oil
Tea leaves,"Extracts, essences and concentrates of tea or mate, and preparations with a basis thereof or with a basis of tea or maté"
Maté leaves,"Extracts, essences and concentrates of tea or mate, and preparations with a basis thereof or with a basis of tea or maté"
"Skim milk, condensed",Reconstituted milk
"Skim milk, evaporated",Reconstituted milk
Skim milk and whey powder,Reconstituted milk
"Buttermilk, dry",Reconstituted milk
Raw milk of cattle,Standardized milk
Raw milk of cattle,"Yoghurt, with additives"
Raw milk of goats,Butter of goat milk
Raw milk of goats,Skim milk of goat
"Cream, fresh",Ice cream and other edible ice
Raw milk of cattle,Ice cream and other edible ice
"Refined cane or beet sugar, in solid form, containing added flavouring or colouring matter; maple sugar and maple syrup",Ice cream and other edible ice
Raw cane or beet sugar (centrifugal only),Ice cream and other edible ice
Refined sugar,Ice cream and other edible ice
Sugar and syrups n.e.c.,Ice cream and other edible ice
"Cane sugar, non-centrifugal",Ice cream and other edible ice
"Cane sugar, centrifugal",Ice cream and other edible ice
Raw milk of cattle,Dairy products n.e.c.
Raw milk of sheep,Dairy products n.e.c.
Raw milk of goats,Dairy products n.e.c.
Raw milk of buffalo,Dairy products n.e.c.
Raw milk of camel,Dairy products n.e.c.
"Cream, fresh",Dairy products n.e.c.
Butter of cow milk,Dairy products n.e.c.
Ghee from cow milk,Dairy products n.e.c.
Skim milk of cows,Dairy products n.e.c.
"Buttermilk, curdled and acidified milk",Dairy products n.e.c.
Whole milk powder,Dairy products n.e.c.
"Whole milk, condensed",Dairy products n.e.c.
"Whole milk, evaporated",Dairy products n.e.c.
"Skim milk, evaporated",Dairy products n.e.c.
"Skim milk, condensed",Dairy products n.e.c.
Skim milk and whey powder,Dairy products n.e.c.
"Buttermilk, dry",Dairy products n.e.c.
Reconstituted milk,Dairy products n.e.c.
Standardized milk,Dairy products n.e.c.
Cheese from whole cow milk,Dairy products n.e.c.
Cheese from skimmed cow milk,Dairy products n.e.c.
"Whey, fresh",Dairy products n.e.c.
"Whey, dry",Dairy products n.e.c.
"Whey, condensed",Dairy products n.e.c.
Whey cheese,Dairy products n.e.c.
Processed cheese,Dairy products n.e.c.
Casein,Dairy products n.e.c.
Yoghurt,Dairy products n.e.c.
"Yoghurt, with additives",Dairy products n.e.c.
Butter and ghee of sheep milk,Dairy products n.e.c.
Skim sheep milk,Dairy products n.e.c.
"Cheese from milk of sheep, fresh or processed",Dairy products n.e.c.
Butter of goat milk,Dairy products n.e.c.
Skim milk of goat,Dairy products n.e.c.
"Cheese from milk of goats, fresh or processed",Dairy products n.e.c.
Butter of buffalo milk,Dairy products n.e.c.
Ghee from buffalo milk,Dairy products n.e.c.
Skim milk of buffalo,Dairy products n.e.c.
"Cheese from milk of buffalo, fresh or processed",Dairy products n.e.c.
Wheat and meslin flour,Mixes and doughs for the preparation of bakers' wares
Flour of rice,Mixes and doughs for the preparation of bakers' wares
Barley flour and grits,Mixes and doughs for the preparation of bakers' wares
Flour of maize,Mixes and doughs for the preparation of bakers' wares
Flour of rye,Mixes and doughs for the preparation of bakers' wares
Flour of millet,Mixes and doughs for the preparation of bakers' wares
Flour of sorghum,Mixes and doughs for the preparation of bakers' wares
Flour of buckwheat,Mixes and doughs for the preparation of bakers' wares
Flour of triticale,Mixes and doughs for the preparation of bakers' wares
Flour of mixed grain,Mixes and doughs for the preparation of bakers' wares
Flour of cereals n.e.c.,Mixes and doughs for the preparation of bakers' wares
Flour of fonio,Mixes and doughs for the preparation of bakers' wares
Flour of fruits,Mixes and doughs for the preparation of bakers' wares
Flour of pulses,Mixes and doughs for the preparation of bakers' wares
Butter of cow milk,Mixes and doughs for the preparation of bakers' wares
Cocoa powder and cake,Mixes and doughs for the preparation of bakers' wares
Wheat and meslin flour,"Food preparations of flour, meal or malt extract"
Flour of rice,"Food preparations of flour, meal or malt extract"
Barley flour and grits,"Food preparations of flour, meal or malt extract"
Flour of maize,"Food preparations of flour, meal or malt extract"
Flour of rye,"Food preparations of flour, meal or malt extract"
Flour of millet,"Food preparations of flour, meal or malt extract"
Flour of sorghum,"Food preparations of flour, meal or malt extract"
Flour of buckwheat,"Food preparations of flour, meal or malt extract"
Flour of triticale,"Food preparations of flour, meal or malt extract"
Flour of mixed grain,"Food preparations of flour, meal or malt extract"
Flour of cereals n.e.c.,"Food preparations of flour, meal or malt extract"
Flour of fonio,"Food preparations of flour, meal or malt extract"
"Food preparations of flour, meal or malt extract","Food preparations of flour, meal or malt extract"
"Flour, meal, powder, flakes, granules and pellets of potatoes","Food preparations of flour, meal or malt extract"
Flour of cassava,"Food preparations of flour, meal or malt extract"
Flour of roots and tubers n.e.c.,"Food preparations of flour, meal or malt extract"
Flour of fruits,"Food preparations of flour, meal or malt extract"
Flour of mustard seed,"Food preparations of flour, meal or malt extract"
"Flours and meals of oil seeds or oleaginous fruits, except those of mustard","Food preparations of flour, meal or malt extract"
Flour of pulses,"Food preparations of flour, meal or malt extract"
"Other meat and edible meat offal, salted, in brine, dried or smoked; edible flours and meals of meat or meat offal","Food preparations of flour, meal or malt extract"
Gluten feed and meal,"Food preparations of flour, meal or malt extract"
Malt extract,"Food preparations of flour, meal or malt extract"
Cabbages,"Vegetable products, fresh or dry n.e.c."
Artichokes,"Vegetable products, fresh or dry n.e.c."
Asparagus,"Vegetable products, fresh or dry n.e.c."
Lettuce and chicory,"Vegetable products, fresh or dry n.e.c."
Spinach,"Vegetable products, fresh or dry n.e.c."
Tomatoes,"Vegetable products, fresh or dry n.e.c."
Cauliflowers and broccoli,"Vegetable products, fresh or dry n.e.c."
"Pumpkins, squash and gourds","Vegetable products, fresh or dry n.e.c."
Cucumbers and gherkins,"Vegetable products, fresh or dry n.e.c."
Eggplants (aubergines),"Vegetable products, fresh or dry n.e.c."
"Chillies and peppers, green (Capsicum spp. and Pimenta spp.)","Vegetable products, fresh or dry n.e.c."
"Onions and shallots, green","Vegetable products, fresh or dry n.e.c."
"Onions and shallots, dry (excluding dehydrated)","Vegetable products, fresh or dry n.e.c."
Green garlic,"Vegetable products, fresh or dry n.e.c."
Leeks and other alliaceous vegetables,"Vegetable products, fresh or dry n.e.c."
"Other beans, green","Vegetable products, fresh or dry n.e.c."
"Peas, green","Vegetable products, fresh or dry n.e.c."
"Broad beans and horse beans, green","Vegetable products, fresh or dry n.e.c."
Carrots and turnips,"Vegetable products, fresh or dry n.e.c."
Green corn (maize),"Vegetable products, fresh or dry n.e.c."
Mushrooms and truffles,"Vegetable products, fresh or dry n.e.c."
"Other vegetables, fresh n.e.c.","Vegetable products, fresh or dry n.e.c."
Okra,"Vegetable products, fresh or dry n.e.c."
String beans,"Vegetable products, fresh or dry n.e.c."
Tomato juice,"Vegetable products, fresh or dry n.e.c."
Paste of tomatoes,"Vegetable products, fresh or dry n.e.c."
"Tomatoes, peeled (o/t vinegar)","Vegetable products, fresh or dry n.e.c."
"Sweet corn, frozen","Vegetable products, fresh or dry n.e.c."
"Sweet corn, prepared or preserved","Vegetable products, fresh or dry n.e.c."
Dried mushrooms,"Vegetable products, fresh or dry n.e.c."
Canned mushrooms,"Vegetable products, fresh or dry n.e.c."
Other vegetable juices,"Vegetable products, fresh or dry n.e.c."
"Vegetables, dehydrated","Vegetable products, fresh or dry n.e.c."
"Vegetables, pulses and potatoes, preserved by vinegar or acetic acid","Vegetable products, fresh or dry n.e.c."
Vegetables preserved nes (o/t vinegar),"Vegetable products, fresh or dry n.e.c."
Vegetables frozen,"Vegetable products, fresh or dry n.e.c."
Other vegetables provisionally preserved,"Vegetable products, fresh or dry n.e.c."
Vegetables preserved (frozen),"Vegetable products, fresh or dry n.e.c."
Homogenized vegetable preparations,"Vegetable products, fresh or dry n.e.c."
"Meat of ducks, fresh or chilled","Edible offals and liver of ducks, fresh, chilled or frozen"
Horses,"Edible offals of horses and other equines,  fresh, chilled or frozen"
Tea leaves,"Green tea (not fermented), black tea (fermented) and partly fermented tea, in immediate packings of a content not exceeding 3 kg"
Wheat,"Alcohol, Non-Food"
Barley,"Alcohol, Non-Food"
Maize (corn),"Alcohol, Non-Food"
Rye,"Alcohol, Non-Food"
Sorghum,"Alcohol, Non-Food"
Cereals n.e.c.,"Alcohol, Non-Food"
Potatoes,"Alcohol, Non-Food"
"Cassava, fresh","Alcohol, Non-Food"
Sugar cane,"Alcohol, Non-Food"
Sugar beet,"Alcohol, Non-Food"
Apples,"Alcohol, Non-Food"
Grapes,"Alcohol, Non-Food"
"Other fruits, n.e.c.","Alcohol, Non-Food"
Wine,"Alcohol, Non-Food"
Rice,"Alcohol, Non-Food"
Unmanufactured tobacco,Cigarettes
Unmanufactured tobacco,Cigars and cheroots
"Shorn wool, greasy, including fleece-washed shorn wool","Wool, degreased or carbonized, not carded or combed"
Demersal Fish,"Fish, Body Oil"
Freshwater Fish,"Fish, Body Oil"
"Marine Fish, Other","Fish, Body Oil"
Pelagic Fish,"Fish, Body Oil"
Demersal Fish,"Fish, Liver Oil"
Freshwater Fish,"Fish, Liver Oil"
"Marine Fish, Other","Fish, Liver Oil"
Pelagic Fish,"Fish, Liver Oil"
"Meat of turkeys, fresh or chilled","Edible offals and liver of turkey, fresh, chilled or frozen"
"Meat of ducks, fresh or chilled","Edible offals and liver of ducks, fresh, chilled or frozen"
"Meat of geese, fresh or chilled","Edible offals and liver of geese, fresh, chilled or frozen"
"Meat of chickens, fresh or chilled","Edible offals and liver of chickens and guinea fowl, fresh, chilled or frozen"
Cattle,Cattle slaughtering
Buffalo,Buffalo slaughtering
Sheep,Sheep slaughtering
Goats,Goat slaughtering
Swine / pigs,Pig slaughtering
Chickens,Chicken slaughtering
Ducks,Duck slaughtering
Geese,Goose slaughtering
Turkeys,Turkey slaughtering
Horses,Horse slaughtering
Asses,Asses slaughtering
Mules and hinnies,Mules slaughtering
Camels,Camel slaughtering
Rabbits and hares,Rabbit and hare slaughtering
Other rodents,Slaughtering of other domestic rodents
Other camelids,Slaughtering of other camelids
Other birds,Slaughtering of pigeons and other birds
