Stressor,Compartment,Subcompartment_1,Subcompartment_2,Unit,Description,Sources,GWP
ES_terrestrial_carbon,Ecosystem services,terrestrial,"",(Mg Carbon)/ha,Carbon that would be available for natural processes in the absence of agricultural activity. Based on ha of cropland and grazing. Is dependent on other FABIO extensions. For overview of pressure to impact relationships see -inst/conc_biodiversity_cfs.csv-,BAMBOO internal (M6),
ES_terrestrial_pollination,Ecosystem services,terrestrial,"",(N. pollinators)/(ha*year),Number of pollinators lost due to agricultural activity. Based on ha of cropland and grazing. Is dependent on other FABIO extensions. For overview of pressure to impact relationships see -inst/conc_biodiversity_cfs.csv-.,BAMBOO internal (M6),
ES_terrestrial_soil_erosion,Ecosystem services,terrestrial,"",(Kg loss soil)/(ha*year),KG of soil eroded due to agricultural activity. Based on ha of cropland and grazing. Is dependent on other FABIO extensions. For overview of pressure to impact relationships see -inst/conc_biodiversity_cfs.csv-,BAMBOO internal (M6),
FD_EQ_div_freshwater,Functional Diversity,freshwater,species divergence,PDF_FDdiv,Total freshwater biodiversity loss due to disruptions in species divergence. Calculated using an average approach.  Is dependent on other FABIO extensions. For overview of pressure to impact relationships see -inst/conc_biodiversity_cfs.csv-.,"BAMBOO internal (M9);
10.1890/07-1206.1;
10.1111/gcb.16723
",
FD_EQ_div_freshwater_climate,Functional Diversity,freshwater,species divergence,PDF_FDdiv,Freshwater biodiversity loss due to disruptions in species divergence caused by climate change. Calculated using an average approach.  Is dependent on other FABIO extensions. For overview of pressure to impact relationships see -inst/conc_biodiversity_cfs.csv-.,"BAMBOO internal (M9);
10.1890/07-1206.1;
10.1111/gcb.16723
",
FD_EQ_div_freshwater_eutrophication,Functional Diversity,freshwater,species divergence,PDF_FDdiv,Freshwater biodiversity loss due to disruptions in species divergence caused by eutrophication. Calculated using an average approach.  Is dependent on other FABIO extensions. For overview of pressure to impact relationships see -inst/conc_biodiversity_cfs.csv-.,"BAMBOO internal (M9);
10.1890/07-1206.1;
10.1111/gcb.16723
",
FD_EQ_div_marine,Functional Diversity,marine,species divergence,PDF_FDdiv,Total marine biodiversity loss due to disruptions in species divergence. Calculated using an average approach.  Is dependent on other FABIO extensions. For overview of pressure to impact relationships see -inst/conc_biodiversity_cfs.csv-.,"BAMBOO internal (M9);
10.1890/07-1206.1;
10.1111/gcb.16723
",
FD_EQ_div_marine_climate,Functional Diversity,marine,species divergence,PDF_FDdiv,Marine biodiversity loss due to disruptions in species divergence caused by climate change. Calculated using an average approach.  Is dependent on other FABIO extensions. For overview of pressure to impact relationships see -inst/conc_biodiversity_cfs.csv-.,"BAMBOO internal (M9);
10.1890/07-1206.1;
10.1111/gcb.16723
",
FD_EQ_div_marine_eutrophication,Functional Diversity,marine,species divergence,PDF_FDdiv,Marine biodiversity loss due to disruptions in species divergence caused by eutrophication. Calculated using an average approach.  Is dependent on other FABIO extensions. For overview of pressure to impact relationships see -inst/conc_biodiversity_cfs.csv-.,"BAMBOO internal (M9);
10.1890/07-1206.1;
10.1111/gcb.16723
",
FD_EQ_div_terrestrial,Functional Diversity,terrestrial,species divergence,PDF_FDdiv,Total terrestrial biodiversity loss due to disruptions in species divergence. Calculated using an average approach.  Is dependent on other FABIO extensions. For overview of pressure to impact relationships see -inst/conc_biodiversity_cfs.csv-.,"BAMBOO internal (M9);
10.1890/07-1206.1;
10.1111/gcb.16723
",
FD_EQ_div_terrestrial_climate,Functional Diversity,terrestrial,species divergence,PDF_FDdiv,Terrestrial biodiversity loss due to disruptions in species divergence caused by climate change. Calculated using an average approach.  Is dependent on other FABIO extensions. For overview of pressure to impact relationships see -inst/conc_biodiversity_cfs.csv-.,"BAMBOO internal (M9);
10.1890/07-1206.1;
10.1111/gcb.16723
",
FD_EQ_eve_freshwater,Functional Diversity,freshwater,species evenness,PDF_FDeve,Total freshwater biodiversity loss due to disruptions in species evenness. Calculated using an average approach.  Is dependent on other FABIO extensions. For overview of pressure to impact relationships see -inst/conc_biodiversity_cfs.csv-.,"BAMBOO internal (M9);
10.1890/07-1206.1;
10.1111/gcb.16723
",
FD_EQ_eve_freshwater_climate,Functional Diversity,freshwater,species evenness,PDF_FDeve,Freshwater biodiversity loss due to disruptions in species evenness caused by climate change. Calculated using an average approach.  Is dependent on other FABIO extensions. For overview of pressure to impact relationships see -inst/conc_biodiversity_cfs.csv-.,"BAMBOO internal (M9);
10.1890/07-1206.1;
10.1111/gcb.16723
",
FD_EQ_eve_freshwater_eutrophication,Functional Diversity,freshwater,species evenness,PDF_FDeve,Freshwater biodiversity loss due to disruptions in species evenness caused by eutrophication. Calculated using an average approach.  Is dependent on other FABIO extensions. For overview of pressure to impact relationships see -inst/conc_biodiversity_cfs.csv-.,"BAMBOO internal (M9);
10.1890/07-1206.1;
10.1111/gcb.16723
",
FD_EQ_eve_marine,Functional Diversity,marine,species evenness,PDF_FDeve,Total marine biodiversity loss due to disruptions in species evenness. Calculated using an average approach.  Is dependent on other FABIO extensions. For overview of pressure to impact relationships see -inst/conc_biodiversity_cfs.csv-.,"BAMBOO internal (M9);
10.1890/07-1206.1;
10.1111/gcb.16723
",
FD_EQ_eve_marine_climate,Functional Diversity,marine,species evenness,PDF_FDeve,Marine biodiversity loss due to disruptions in species evenness caused by climate change. Calculated using an average approach.  Is dependent on other FABIO extensions. For overview of pressure to impact relationships see -inst/conc_biodiversity_cfs.csv-.,"BAMBOO internal (M9);
10.1890/07-1206.1;
10.1111/gcb.16723
",
FD_EQ_eve_marine_eutrophication,Functional Diversity,marine,species evenness,PDF_FDeve,Marine biodiversity loss due to disruptions in species evenness caused by eutrophication. Calculated using an average approach.  Is dependent on other FABIO extensions. For overview of pressure to impact relationships see -inst/conc_biodiversity_cfs.csv-.,"BAMBOO internal (M9);
10.1890/07-1206.1;
10.1111/gcb.16723
",
FD_EQ_eve_terrestrial,Functional Diversity,terrestrial,species evenness,PDF_FDeve,Total terrestrial biodiversity loss due to disruptions in species evenness. Calculated using an average approach.  Is dependent on other FABIO extensions. For overview of pressure to impact relationships see -inst/conc_biodiversity_cfs.csv-.,"BAMBOO internal (M9);
10.1890/07-1206.1;
10.1111/gcb.16723
",
FD_EQ_eve_terrestrial_climate,Functional Diversity,terrestrial,species evenness,PDF_FDeve,Terrestrial biodiversity loss due to disruptions in species evenness caused by climate change. Calculated using an average approach.  Is dependent on other FABIO extensions. For overview of pressure to impact relationships see -inst/conc_biodiversity_cfs.csv-.,"BAMBOO internal (M9);
10.1890/07-1206.1;
10.1111/gcb.16723
",
FD_EQ_ric_freshwater,Functional Diversity,freshwater,species richness,PDF_FDric,Total freshwater biodiversity loss due to disruptions in species richness. Calculated using an average approach.  Is dependent on other FABIO extensions. For overview of pressure to impact relationships see -inst/conc_biodiversity_cfs.csv-.,"BAMBOO internal (M9);
10.1890/07-1206.1;
10.1111/gcb.16723
",
FD_EQ_ric_freshwater_climate,Functional Diversity,freshwater,species richness,PDF_FDric,Freshwater biodiversity loss due to disruptions in species richness caused by climate change. Calculated using an average approach.  Is dependent on other FABIO extensions. For overview of pressure to impact relationships see -inst/conc_biodiversity_cfs.csv-.,"BAMBOO internal (M9);
10.1890/07-1206.1;
10.1111/gcb.16723
",
FD_EQ_ric_freshwater_eutrophication,Functional Diversity,freshwater,species richness,PDF_FDric,Freshwater biodiversity loss due to disruptions in species richness caused by eutrophication. Calculated using an average approach.  Is dependent on other FABIO extensions. For overview of pressure to impact relationships see -inst/conc_biodiversity_cfs.csv-.,"BAMBOO internal (M9);
10.1890/07-1206.1;
10.1111/gcb.16723
",
FD_EQ_ric_marine,Functional Diversity,marine,species richness,PDF_FDric,Total marine biodiversity loss due to disruptions in species richness. Calculated using an average approach.  Is dependent on other FABIO extensions. For overview of pressure to impact relationships see -inst/conc_biodiversity_cfs.csv-.,"BAMBOO internal (M9);
10.1890/07-1206.1;
10.1111/gcb.16723
",
FD_EQ_ric_marine_climate,Functional Diversity,marine,species richness,PDF_FDric,Marine biodiversity loss due to disruptions in species richness caused by climate change. Calculated using an average approach.  Is dependent on other FABIO extensions. For overview of pressure to impact relationships see -inst/conc_biodiversity_cfs.csv-.,"BAMBOO internal (M9);
10.1890/07-1206.1;
10.1111/gcb.16723
",
FD_EQ_ric_marine_eutrophication,Functional Diversity,marine,species richness,PDF_FDric,Marine biodiversity loss due to disruptions in species richness caused by eutrophication. Calculated using an average approach.  Is dependent on other FABIO extensions. For overview of pressure to impact relationships see -inst/conc_biodiversity_cfs.csv-.,"BAMBOO internal (M9);
10.1890/07-1206.1;
10.1111/gcb.16723
",
FD_EQ_ric_terrestrial,Functional Diversity,terrestrial,species richness,PDF_FDric,Total terrestrial biodiversity loss due to disruptions in species richness. Calculated using an average approach.  Is dependent on other FABIO extensions. For overview of pressure to impact relationships see -inst/conc_biodiversity_cfs.csv-.,"BAMBOO internal (M9);
10.1890/07-1206.1;
10.1111/gcb.16723
",
FD_EQ_ric_terrestrial_climate,Functional Diversity,terrestrial,species richness,PDF_FDric,Terrestrial biodiversity loss due to disruptions in species evenness caused by climate change. Calculated using an average approach.  Is dependent on other FABIO extensions. For overview of pressure to impact relationships see -inst/conc_biodiversity_cfs.csv-.,"BAMBOO internal (M9);
10.1890/07-1206.1;
10.1111/gcb.16723
",
LCIM_EQ_freshwater,LC-Impact,freshwater,"",global PDF,Total freshwater biodiversity loss in global PDF (species richness). Calculated using an average approach. Is dependent on other FABIO extensions. For overview of pressure to impact relationships see -inst/conc_biodiversity_cfs.csv-.,https://doi.org/10.5281/zenodo.19202729,
LCIM_EQ_freshwater_climate,LC-Impact,freshwater,"",global PDF,Freshwater biodiversity loss in global PDF (species richness) that occurs due to climate change. Calculated using an average approach. Is dependent on other FABIO extensions. For overview of pressure to impact relationships see -inst/conc_biodiversity_cfs.csv-.,https://doi.org/10.5281/zenodo.19202730,
LCIM_EQ_freshwater_eutrophication,LC-Impact,freshwater,"",global PDF,Freshwater biodiversity loss in global PDF (species richness) that occurs due to eutrophication. Calculated using an average approach. Is dependent on other FABIO extensions. For overview of pressure to impact relationships see -inst/conc_biodiversity_cfs.csv-.,https://doi.org/10.5281/zenodo.19202731,
LCIM_EQ_freshwater_water_use,LC-Impact,freshwater,"",global PDF,Freshwater biodiversity loss in global PDF (species richness) that occurs due to blue water use. Calculated using an average approach. Is dependent on other FABIO extensions. For overview of pressure to impact relationships see -inst/conc_biodiversity_cfs.csv-.,https://doi.org/10.5281/zenodo.19202732,
LCIM_EQ_marine,LC-Impact,marine,"",global PDF,Total marine biodiversity loss in global PDF (species richness). Calculated using an average approach. Is dependent on other FABIO extensions. For overview of pressure to impact relationships see -inst/conc_biodiversity_cfs.csv-.,https://doi.org/10.5281/zenodo.19202733,
LCIM_EQ_marine_climate,LC-Impact,marine,"",global PDF,Marine biodiversity loss in global PDF (species richness) that occurs due to climate change. Calculated using an average approach. Is dependent on other FABIO extensions. For overview of pressure to impact relationships see -inst/conc_biodiversity_cfs.csv-.,https://doi.org/10.5281/zenodo.19202734,
LCIM_EQ_terrestrial,LC-Impact,terrestrial,"",global PDF,Total terrestrial biodiversity loss in global PDF (species richness). Calculated using an average approach (exept acidification). Is dependent on other FABIO extensions. For overview of pressure to impact relationships see -inst/conc_biodiversity_cfs.csv-.,https://doi.org/10.5281/zenodo.19202735,
LCIM_EQ_terrestrial_acidification,LC-Impact,terrestrial,"",global PDF,Terrestrial biodiversity loss in global PDF (species richness) that occurs due to acidification. Calculated using a marginal approach. Is dependent on other FABIO extensions. For overview of pressure to impact relationships see -inst/conc_biodiversity_cfs.csv-.,https://doi.org/10.5281/zenodo.19202736,
LCIM_EQ_terrestrial_climate,LC-Impact,terrestrial,"",global PDF,Terrestrial biodiversity loss in global PDF (species richness) that occurs due to climate change. Calculated using an average approach. Is dependent on other FABIO extensions. For overview of pressure to impact relationships see -inst/conc_biodiversity_cfs.csv-.,https://doi.org/10.5281/zenodo.19202737,
LCIM_EQ_terrestrial_land_use,LC-Impact,terrestrial,"",global PDF,Terrestrial biodiversity loss in global PDF (species richness) that occurs due to land use and land use change. Calculated using an average approach. Is dependent on other FABIO extensions. For overview of pressure to impact relationships see -inst/conc_biodiversity_cfs.csv-.,https://doi.org/10.5281/zenodo.19202738,
biomass,biomass,biomass,"",tonnes,Biomass of primary crop production,https://doi.org/10.5281/zenodo.19202739,
ghg_ch4,ghg,ch4,"",tonnes ch4,Total CH4 emissions,All sources listed in ghg_ch4,27
ghg_ch4_crops_res,ghg,ch4,"",tonnes ch4,CH4 emissions from burning of crop residues,https://www.fao.org/faostat/en/#data/GCE,27
ghg_ch4_crops_rice,ghg,ch4,"",tonnes ch4,CH4 emissions from rice farming,https://www.fao.org/faostat/en/#data/GCE,27
ghg_ch4_farm_energy,ghg,ch4,"",tonnes ch4,"CH4 emissions from on-farm energy use, distributed to crops/pastures by shares of production",https://www.fao.org/faostat/en/#data/GN,27
ghg_ch4_lvst_enteric_fer,ghg,ch4,"",tonnes ch4,CH4 emissions from the enteric fermentation of livestock,https://www.fao.org/faostat/en/#data/GLE,27
ghg_ch4_lvst_manure_man,ghg,ch4,"",tonnes ch4,CH4 emissions from manure management (allocated to the animals that excreted the manure),https://www.fao.org/faostat/en/#data/GLE,27
ghg_ch4_waste_ind_water,ghg,ch4,"",tonnes ch4,CH4 emissions from industrial wastewater. Distributed between items according to item shares of production of processed products (excluding all cereal products except starch).,https://www.fao.org/faostat/en/#data/GPP,27
ghg_ch4_waste_solid,ghg,ch4,"",tonnes ch4,CH4 emissions from solid waste,"Own estimations based on:
https://www.fao.org/faostat/en/#data/GPP;
https://www.fao.org/4/mb060e/mb060e.pdf",27
ghg_co2,ghg,co2,"",tonnes co2,Total CO2 emissions,All sources listed in ghg_co2,1
ghg_co2_crops_drain,ghg,co2,"",tonnes co2,CO2 emissions from  organic soils drained for agricultural usage,"Own estimations based on:
https://www.fao.org/faostat/en/#data/GCE and
https://www.fao.org/soils-portal/data-hub/soil-maps-and-databases/harmonized-world-soil-database-v20/en/",1
ghg_co2_farm_energy,ghg,co2,"",tonnes co2,"CH4 emissions from on-farm energy use, distributed to crops/pastures by shares of production",https://www.fao.org/faostat/en/#data/GN,1
ghg_co2_deforestation,ghg,co2,"",tonnes co2,CO2 emissions from the net conversion of forests to agricultural land,https://doi.org/10.5281/zenodo.18953516,1
ghg_co2_waste_incineration,ghg,co2,"",tonnes co2,"CO2 emissions from incinerated agriculural waste, distributed to crops by shares of production",https://www.fao.org/faostat/en/#data/GPP,1
ghg_n2o,ghg,n2o,"",tonnes n2o,Total N2O emissions,All sources listed in ghg_n2o,273
ghg_n2o_crops_dir_drain,ghg,n2o,"",tonnes n2o,N2O emissions from organic soils drained for agricultural usage (direct emissions),"Own estimations based on:
https://www.fao.org/faostat/en/#data/GCE and
https://www.fao.org/soils-portal/data-hub/soil-maps-and-databases/harmonized-world-soil-database-v20/en/",273
ghg_n2o_crops_dir_man,ghg,n2o,"",tonnes n2o,N2O emissions from manure applied to crops and pastures (allocated to the crops and pastures that they are applied to or deposited on; direct emissions),"Own estimations based on 
https://www.fao.org/faostat/en/#data/EMN",273
ghg_n2o_crops_dir_res,ghg,n2o,"",tonnes n2o,N2O emissions from crops burned or left on cropland (direct),https://www.fao.org/faostat/en/#data/GCE,273
ghg_n2o_crops_dir_syn,ghg,n2o,"",tonnes n2o,N2O emissions from synthetic N fertilizer applied to crops and pastures (direct),"Own estimations based on:
https://doi.org/10.1038/s41597-024-03247-7;
https://doi.org/10.5194/essd-16-525-2024;
https://doi.org/10.1038/s41597-024-04030-4",273
ghg_n2o_crops_dir_total,ghg,n2o,"",tonnes n2o,N2O emissions from crops (total; direct),All sources listed in -ghg_n2o_crops--extensions,273
ghg_n2o_crops_ind_leach,ghg,n2o,"",tonnes n2o,N2O emissions from nitrogen that leaches/runs off (allocated to crops where the nitrogen ran off from; indirect),"Own estimations based on N inputs to soil and IPCC tier 1 (see Hinz et al., hopefully forthcoming)",273
ghg_n2o_crops_ind_total,ghg,n2o,"",tonnes n2o,N2O emissions from crops (total; indirect),All sources listed in -ghg_n2o_crops--extensions,273
ghg_n2o_crops_ind_vol,ghg,n2o,"",tonnes n2o,N2O emissions from nitrogen that volatilizes as ammonia and gets redeposited (allocated to the crops where the volatilization took place; indirect),"Own estimations based on N inputs to soil and IPCC tier 1 (see Hinz et al., hopefully forthcoming)",273
ghg_n2o_crops_total,ghg,n2o,"",tonnes n2o,N2O emissions from crops (total),All sources listed in -ghg_n2o_crops--extensions,273
ghg_n2o_farm_energy,ghg,n2o,"",tonnes n2o,N2O emissions from on-farm energy use,https://www.fao.org/faostat/en/#data/GN,273
ghg_n2o_lvst_dir_manure_man,ghg,n2o,"",tonnes n2o,N2O emissions from manure management (allocated to the animals that excreted the manure; direct),https://www.fao.org/faostat/en/#data/GLE,273
ghg_n2o_lvst_ind_manure_man,ghg,n2o,"",tonnes n2o,N2O emissions from manure management (allocated to the animals that excreted the manure; indirect),https://www.fao.org/faostat/en/#data/GLE,273
ghg_n2o_lvst_manure_man_total,ghg,n2o,"",tonnes n2o,N2O emissions from manure management (total),https://www.fao.org/faostat/en/#data/GLE,273
ghg_n2o_waste_ind_water,ghg,n2o,"",tonnes n2o,CH4 emissions from industrial wastewater. Distributed between items according to item shares of production of processed products (excluding all cereal products except starch).,https://www.fao.org/faostat/en/#data/GPP,273
gwp_ch4,ghg,ch4,"",tonnes co2eq (AR6),Total CH4 emissions,All sources listed in ghg_ch4,27
gwp_ch4_crops_res,ghg,ch4,"",tonnes co2eq (AR6),CH4 emissions from burning of crop residues,https://www.fao.org/faostat/en/#data/GCE,27
gwp_ch4_crops_rice,ghg,ch4,"",tonnes co2eq (AR6),CH4 emissions from rice farming,https://www.fao.org/faostat/en/#data/GCE,27
gwp_ch4_farm_energy,ghg,ch4,"",tonnes co2eq (AR6),"CH4 emissions from on-farm energy use, distributed to crops/pastures by shares of production",https://www.fao.org/faostat/en/#data/GN,27
gwp_ch4_lvst_enteric_fer,ghg,ch4,"",tonnes co2eq (AR6),CH4 emissions from the enteric fermentation of livestock,https://www.fao.org/faostat/en/#data/GLE,27
gwp_ch4_lvst_manure_man,ghg,ch4,"",tonnes co2eq (AR6),CH4 emissions from manure management (allocated to the animals that excreted the manure),https://www.fao.org/faostat/en/#data/GLE,27
gwp_ch4_waste_ind_water,ghg,ch4,"",tonnes co2eq (AR6),CH4 emissions from industrial wastewater. Distributed between items according to item shares of production of processed products (excluding all cereal products except starch).,https://www.fao.org/faostat/en/#data/GPP,27
gwp_ch4_waste_solid,ghg,ch4,"",tonnes co2eq (AR6),CH4 emissions from solid waste,"Own estimations based on:
https://www.fao.org/faostat/en/#data/GPP;
https://www.fao.org/4/mb060e/mb060e.pdf",27
gwp_co2,ghg,co2,"",tonnes co2eq (AR6),Total CO2 emissions,All sources listed in ghg_co2,1
gwp_co2_crops_drain,ghg,co2,"",tonnes co2eq (AR6),CO2 emissions from  organic soils drained for agricultural usage,"Own estimations based on:
https://www.fao.org/faostat/en/#data/GCE and
https://www.fao.org/soils-portal/data-hub/soil-maps-and-databases/harmonized-world-soil-database-v20/en/",1
gwp_co2_farm_energy,ghg,co2,"",tonnes co2eq (AR6),"CH4 emissions from on-farm energy use, distributed to crops/pastures by shares of production",https://www.fao.org/faostat/en/#data/GN,1
gwp_co2_deforestation,ghg,co2,"",tonnes co2eq (AR6),CO2 emissions from the net conversion of forests to agricultural land,https://doi.org/10.5281/zenodo.18953516,1
gwp_co2_waste_incineration,ghg,co2,"",tonnes co2eq (AR6),"CO2 emissions from incinerated agriculural waste, distributed to crops by shares of production",https://www.fao.org/faostat/en/#data/GPP,1
gwp_n2o,ghg,n2o,"",tonnes co2eq (AR6),Total N2O emissions,All sources listed in ghg_n2o,273
gwp_n2o_crops_dir_drain,ghg,n2o,"",tonnes co2eq (AR6),N2O emissions from organic soils drained for agricultural usage (direct emissions),"Own estimations based on:
https://www.fao.org/faostat/en/#data/GCE and
https://www.fao.org/soils-portal/data-hub/soil-maps-and-databases/harmonized-world-soil-database-v20/en/",273
gwp_n2o_crops_dir_man,ghg,n2o,"",tonnes co2eq (AR6),N2O emissions from manure applied to crops and pastures (allocated to the crops and pastures that they are applied to or deposited on; direct emissions),"Own estimations based on 
https://www.fao.org/faostat/en/#data/EMN",273
gwp_n2o_crops_dir_res,ghg,n2o,"",tonnes co2eq (AR6),N2O emissions from crops burned or left on cropland (direct),https://www.fao.org/faostat/en/#data/GCE,273
gwp_n2o_crops_dir_syn,ghg,n2o,"",tonnes co2eq (AR6),N2O emissions from synthetic N fertilizer applied to crops and pastures (direct),"Own estimations based on:
https://doi.org/10.1038/s41597-024-03247-7;
https://doi.org/10.5194/essd-16-525-2024;
https://doi.org/10.1038/s41597-024-04030-4",273
gwp_n2o_crops_dir_total,ghg,n2o,"",tonnes co2eq (AR6),N2O emissions from crops (total; direct),All sources listed in -ghg_n2o_crops--extensions,273
gwp_n2o_crops_ind_leach,ghg,n2o,"",tonnes co2eq (AR6),N2O emissions from nitrogen that leaches/runs off (allocated to crops where the nitrogen ran off from; indirect),"Own estimations based on N inputs to soil and IPCC tier 1 (see Hinz et al., hopefully forthcoming)",273
gwp_n2o_crops_ind_total,ghg,n2o,"",tonnes co2eq (AR6),N2O emissions from crops (total; indirect),All sources listed in -ghg_n2o_crops--extensions,273
gwp_n2o_crops_ind_vol,ghg,n2o,"",tonnes co2eq (AR6),N2O emissions from nitrogen that volatilizes as ammonia and gets redeposited (allocated to the crops where the volatilization took place; indirect),"Own estimations based on N inputs to soil and IPCC tier 1 (see Hinz et al., hopefully forthcoming)",273
gwp_n2o_crops_total,ghg,n2o,"",tonnes co2eq (AR6),N2O emissions from crops (total),All sources listed in -ghg_n2o_crops--extensions,273
gwp_n2o_farm_energy,ghg,n2o,"",tonnes co2eq (AR6),N2O emissions from on-farm energy use,https://www.fao.org/faostat/en/#data/GN,273
gwp_n2o_lvst_dir_manure_man,ghg,n2o,"",tonnes co2eq (AR6),N2O emissions from manure management (allocated to the animals that excreted the manure; direct),https://www.fao.org/faostat/en/#data/GLE,273
gwp_n2o_lvst_ind_manure_man,ghg,n2o,"",tonnes co2eq (AR6),N2O emissions from manure management (allocated to the animals that excreted the manure; indirect),https://www.fao.org/faostat/en/#data/GLE,273
gwp_n2o_lvst_manure_man_total,ghg,n2o,"",tonnes co2eq (AR6),N2O emissions from manure management (total),https://www.fao.org/faostat/en/#data/GLE,273
gwp_n2o_waste_ind_water,ghg,n2o,"",tonnes co2eq (AR6),CH4 emissions from industrial wastewater. Distributed between items according to item shares of production of processed products (excluding all cereal products except starch).,https://www.fao.org/faostat/en/#data/GPP,273
gwp_total,ghg,"","",tonnes co2eq (AR6),Total CO2 equivalent emissions from all agricultural activities.,All sources under Compartment -ghg-,
ibif_co2_eq,ibif,terrestrial,"",MSA loss * year * km^2,Mean species abundance loss that occurs due to climate change. Weighted by duration and extent of exposure to pressure. Can be added up with other MSA measures but not with pdf.,10.1038/s41597-025-05946-1,
ibif_land_crop,ibif,terrestrial,"",MSA loss * year * km^2,Mean species abundance loss that occurs due land use for cropland. Temporary meadows and pastures not included. Weighted by duration and extent of exposure to pressure. Can be added up with other MSA measures but not with pdf.,10.1038/s41597-025-05946-1,
ibif_land_grass,ibif,terrestrial,"",MSA loss * year * km^2,Mean species abundance loss that occurs due to land use for grazing. Sum of permanent meadows and pastures and temporary meadows and pastures. Weighted by duration and extent of exposure to pressure. Can be added up with other MSA measures but not with pdf.,10.1038/s41597-025-05946-1,
ibif_nh3,ibif,terrestrial,"",MSA loss * year * km^2,Mean species abundance loss that occurs due to emissions of ammonia to the air. Weighted by duration and extent of exposure to pressure. Can be added up with other MSA measures but not with pdf.,10.1038/s41597-025-05946-1,
ibif_total,ibif,terrestrial,"",MSA loss * year * km^2,Total mean species abundance loss that occurs due to agricultural activity. Weighted by duration and extent of exposure to pressure. Can be added up with other MSA measures but not with pdf.,10.1038/s41597-025-05946-1,
land_crop,land,land,"",ha,"Cropland area, including fallow areas and temporary meadows and pastures. Estimation based on conversion factors from harvested area to crop area, scaled to FAO total crop area by crop group (permanent vs. temporary crops). Due to likely reporting inconsistencies between FAO harvested and total cropland area, the harvested area to crop area conversion ratio was capped between 0.5 and 2 to avoid unlikely cropland estimates. In cases where FAO reports crop area but CCROPgrids does not, a ratio of 1 between harvested area and crop area is a assumed.","own estimations based on:
https://www.fao.org/faostat/en/#data/QCL;
https://www.fao.org/faostat/en/#data/RL;
10.1038/s41597-024-03247-7
",
land_grass,land,land,"",ha,Permanent grazing area (permanent meadows and pastures),https://www.fao.org/faostat/en/#data/RL,
land_harv,land,land,"",ha,"Harvested area, excluding permanent meadows and pastures",https://www.fao.org/faostat/en/#data/QCL,
luc_forest_to_agric,luc,luc,"",ha,"Land use change from forest to agricultural usage, (deforestation risk, amortized)","DEDUCE v.2.01. 
https://doi.org/10.5281/zenodo.18953516",
n_atmospheric_deposition,nutrient_pollution,nitrogen,"",kg N,Atmospheric deposition of nitrogen,"own estimations based on:
https://www.fao.org/faostat/en/#data/QCL;
https://www.fao.org/faostat/en/#data/ESB",
n_biological_fixation,nutrient_pollution,nitrogen,"",kg N,Biological fixation of nitrogen,"own estimations based on:
https://www.fao.org/faostat/en/#data/QCL;
10.1038/srep19355;
10.1007/s11104-021-05166-7;
10.1007/s11104-008-9668-3;
10.1038/srep19355;
10.1088/1748-9326/9/10/105011;
10.1038/s41586-025-09201-w;
10.1007/s11104-021-05167-6
",
n_fertilizer,nutrient_pollution,nitrogen,"",kg N,Inorganic nitrogen fertilizer application,"own estimations based on:
10.1038/s41597-024-04030-4;
10.5061/DRYAD.2RBNZS7QH",
n_leaching_runoff,nutrient_pollution,nitrogen,"",kg N,Leaching and runoff of nitrogen,own estimations (IPCC Tier 1),
n_manure,nutrient_pollution,nitrogen,"",kg N,Nitrogen content of deposited or applied livestock manure. Storage losses are disregarded,"own estimations based on:
https://www.fao.org/faostat/en/#data/EMN",
n_nh3_n,nutrient_pollution,nitrogen,"",kg N,Volatilization of NH3 (IPCC Tier 1) from crops and pastures,own estimations (IPCC Tier 1),
n_removal,nutrient_pollution,nitrogen,"",kg N,Removal of nitrogen through harvest of crops or grazing,"own estimations based on:
https://www.fao.org/faostat/en/#data/QCL;
README from https://www.fao.org/faostat/en/#data/ESB",
p_atmospheric_deposition,nutrient_pollution,phosphorus,"",kg P,Atmospheric deposition of phosphorus,IMAGE-DPPS,
p_fertilizer,nutrient_pollution,phosphorus,"",kg P,Inorganic phosphorus fertilizer application,"own estimations based on:
10.1038/s41597-024-04030-4;
10.5061/DRYAD.2RBNZS7QH",
p_manure,nutrient_pollution,phosphorus,"",kg P,Phosphorus content of deposited or applied livestock manure. Storage losses are disregarded,"own estimations based on:
https://www.fao.org/faostat/en/#data/EMN",
p_removal,nutrient_pollution,phosphorus,"",kg P,Removal of phosphorus through harvest of crops or grazing,"own estimations based on:
https://www.fao.org/faostat/en/#data/QCL;
README from https://www.fao.org/faostat/en/#data/ESB",
p_runoff_erosion,nutrient_pollution,phosphorus,"",kg P,Runoff and erosion of phosphorus from croplands and pastures,IMAGE-DPPS,
p_weathering,nutrient_pollution,phosphorus,"",kg P,Phosphorus inputs to croplands and pastures through weathering of phosphate rock,IMAGE-DPPS,
water_blue_cap_r,water,"","",m3,Blue water used by crops through groundwater capillary rise,"Extrapolated from:
10.1038/s41597-024-03051-3",
water_blue_irr,water,"","",m3,Blue water used by crops through irrigation,"Extrapolated from:
10.1038/s41597-024-03051-3",
water_blue_live,water,"","",m3,Blue water used for watering livestock,http://www.fao.org/3/I9692EN/i9692en.pdf,
water_blue_meat,water,"","",m3,Blue water used in meat processing,http://www.fao.org/3/I9692EN/i9692en.pdf,
water_blue_total,water,"","",m3,Total blue water footprint (sum of other blue water footprints),own estimation,
water_green,water,"","",m3,Green water footprints of crops and pastures (temporary and permanent),"Extrapolated from:
10.1038/s41597-024-03051-3",
