item_code,tcf
15,1
16,1
17,1
18,1
19,1
20,0.9085
21,0.95
22,0.9085
23,1
24,1
26,1
27,1
28,0.77
29,0.77
30,0.77
31,0.77
32,0.77
33,0.77
34,0.7315
35,0.7315
36,1
37,1
38,0.7315
39,1
41,0.85
44,1
45,0.91
46,0.91
47,0.91
48,0.91
49,0.73
50,0.584
51,1
56,1
57,0.99
58,0.99
59,1
60,1
61,1
63,0.8415
64,0.8415
66,1
71,1
72,1
73,1
75,1
76,0.73
77,1
79,1
80,1
81,1
82,1
83,1
84,1
85,1
86,1
89,1
90,1
91,1
92,1
94,1
95,1
96,1
97,1
98,1
99,1
101,1
103,1
104,1
105,1
108,1
109,1
110,0.79
111,1
112,1
113,0.85
114,0.85
115,0.85
116,1
117,0.19
118,0.5
119,0.19
120,0.5
121,0.2
122,1
125,1
126,0.3
127,0.2
128,0.33
129,0.23
135,1
136,1
137,1
149,1
150,0.23
151,0.3
156,1
157,1
158,1
160,1
161,1
162,1
163,1
164,0.93
165,1
166,1
167,1
168,1.05
169,1
170,1
172,1
173,1
175,1
176,1
181,1
187,1
191,1
195,1
197,1
201,1
203,1
205,1
210,1
211,1
212,0.95
213,0.95
216,1
217,1
220,1
221,1
222,1
223,1
224,1
225,1
226,1
229,0.44
230,0.24
231,0.4
232,0.424
233,0.4
234,1
235,0.82
236,1
237,1
238,1
239,3.5
240,4.5
241,3.75
242,1
243,0.7
244,1
245,1
246,0.693
247,0.588
249,1
250,0.5
251,1
252,1
253,1
254,1
256,1
257,1
258,1
259,1
260,1
261,1
262,0.99
263,1
264,1
265,1
266,1
267,1
268,1
269,1
270,1
271,1
272,1
273,1
274,1
275,1
276,1
277,1
278,1
280,1
281,1
282,1
289,1
290,1
291,1
292,1
293,1
294,1
295,0.77
296,1
297,1
298,1
299,1
305,1
306,1
310,1
311,1
312,1
313,1
314,1
329,1
331,1
332,1
333,1
334,1
335,1
336,1
337,1
338,1
339,1
340,1
341,1
343,1
358,1
366,1
367,1
372,1
373,1
378,1
388,1
390,0.465
391,0.22
392,0.75
393,1
394,1
397,1
399,1
401,1
402,1
403,1
406,1
407,1
414,1
417,1
420,1
423,1
426,1
430,1
446,1
447,0.35
448,0.45
449,1
450,0.26
451,1.1
459,1
460,0.8
461,1
463,1
465,1.2
466,1
469,0.4
471,1.2
472,0.7
473,0.7
474,1
475,0.7
476,1
486,1
489,1
490,1
491,0.45
492,0.1
495,1
496,0.45
497,1
498,0.39
499,0.06
507,1
509,0.47
510,0.14
512,1
513,0.8
514,0.3
515,1
517,1
518,0.6
519,0.2
521,1
523,1
526,1
527,0.29
530,1
531,1
534,1
536,1
537,0.6
538,0.35
539,0.3
541,1
542,1
544,1
547,1
549,1
550,1
552,1
554,1
558,1
560,1
561,0.25
562,0.75
563,1
564,1
565,1
566,1
567,1
568,1
569,1
570,1
571,1
572,1
574,1
575,0.72
576,0.72
577,1
580,0.5
583,0.65
584,0.65
587,1
591,1
592,1
600,1
603,1
604,0.4
619,1
620,0.4
622,0.6
623,0.9
624,1
625,1.1
626,1.1
628,1
630,1
631,1
632,1
633,5
634,1
635,1
636,1
641,1
646,1
647,1
649,1
651,1
652,1
653,1
654,1
655,1
656,1
657,0.8
658,1
659,0.33
660,1
661,1
662,0.8
663,1
664,1
665,0.424
666,1.9928
667,1
671,1
672,1
677,1
687,1
689,1
692,1
693,1
698,1
702,1
711,1
720,1
723,1
737,1
748,1
753,1
754,1
755,1
767,1
768,1
769,1
770,1
771,1
773,1
774,1
777,1
778,1
780,1
782,1
788,1
789,1
809,1
813,1
821,1
826,1
828,0.9
829,0.6
831,0.9
836,1
837,1
839,1
840,1
841,1
842,1
843,1
845,1
846,0.8415
850,1
852,1
853,1
854,1
855,1
857,0.3
858,0.3
859,0.3
862,0.3
866,1
867,1
868,1
869,1
870,0.71
871,0.71
872,0.5
873,5
874,0.8
875,0.6
877,1
878,1
882,1
883,1
885,1
886,1
887,1
888,1
889,0.35
890,0.35
891,0.8
892,0.8
893,1
894,0.4
895,0.4
896,0.325
897,0.15
898,0.1
899,0.1
900,0.1
901,0.2
903,1
904,0.2
905,0.2
907,0.2
908,1
909,0.8
910,1
917,1
919,1
920,0.8
921,0.4
922,0.8
928,0.8
929,0.4
930,0.8
946,1
947,0.71
948,1
949,1
951,1
952,1
953,1
954,1
955,0.2
958,0.8
959,0.4
976,1
977,1
978,1
979,1
982,1
983,1
984,0.2
985,1
987,1
988,1
994,1
996,0.8
997,0.4
998,0.8
999,1
1002,1
1007,1
1008,1
1009,1
1016,1
1017,1
1018,1
1019,1
1020,1
1021,0.2
1022,1
1023,1
1026,0.8
1027,0.4
1028,0.8
1030,0.8
1031,0.8
1034,1
1035,0.91
1036,1
1037,1
1038,1
1039,0.9
1040,1
1041,0.85
1042,0.88
1043,1
1045,0.8
1046,0.4
1047,0.8
1057,1
1058,1
1059,1
1060,1
1061,0.9
1062,1
1063,1
1064,0.3
1065,1
1066,1
1068,1
1069,1
1072,1
1073,1
1074,1
1075,1
1079,1
1080,1
1081,1
1083,1
1089,1
1091,1
1096,1
1097,1
1098,1
1100,0.8
1103,0.8
1104,0.4
1105,0.8
1107,1
1108,1
1110,1
1111,1
1126,1
1127,1
1128,1
1129,1
1130,1
1134,0.8
1140,1
1141,1
1146,0.8
1150,1
1151,1
1157,1
1160,1
1163,1
1164,0.46
1166,1
1167,1
1168,1
1169,1
1171,1
1172,1
1173,1
1176,1
1181,1
1182,1
1183,1
1185,1
1186,1
1187,2
1195,0.8
1213,0.8
1214,0.8
1215,0.4
1216,0.8
1217,0.8
1218,0.8
1219,0.8
1221,1
1222,1
1225,1
1232,1
1241,1
1242,1
1243,1
1259,1
1273,1
1274,1
1275,1
1276,1
1277,1
1293,1
1295,1
1296,1
