item,item_code,item_npk
"Abaca, manila hemp, raw",809,abaca
"Agave fibres, raw, n.e.c.",800,agave
"Almonds, in shell",221,almond
"Anise, badian, coriander, cumin, caraway, fennel and juniper berries, raw",711,aniseetc
Apples,515,apple
Apricots,526,apricot
Areca nuts,226,areca
Artichokes,366,artichoke
Asparagus,367,asparagus
Avocados,572,avocado
"Bambara beans, dry",203,bambara
Bananas,486,banana
Barley,44,barley
"Beans, dry",176,bean
Blueberries,552,blueberry
"Brazil nuts, in shell",216,brazil
"Broad beans and horse beans, dry",181,broadbean
"Broad beans and horse beans, green",420,greenbroadbean
Buckwheat,89,buckwheat
Cabbages,358,cabbage
Canary seed,101,canaryseed
Cantaloupes and other melons,568,melonetc
Carrots and turnips,426,carrot
"Cashew nuts, in shell",217,cashew
Cashewapple,591,cashewapple
"Cassava, fresh",125,cassava
Castor oil seeds,265,castor
Cauliflowers and broccoli,393,cauliflower
Cereals n.e.c.,108,cerealnes
Cereals n.e.c.,108,popcorn
Cherries,531,cherry
"Chestnuts, in shell",220,chestnut
"Chick peas, dry",191,chickpea
Chicory roots,459,chicory
"Chillies and peppers, green (Capsicum spp. and Pimenta spp.)",401,chilleetc
"Chillies and peppers, green (Capsicum spp. and Pimenta spp.)",401,pimento
"Cinnamon and cinnamon-tree flowers, raw",693,cinnamon
"Cloves (whole stems), raw",698,clove
Cocoa beans,661,cocoa
"Coconuts, in shell",249,coconut
"Coffee, green",656,coffee
"Coir, raw",813,fibrenes
Cotton seed,329,oilseednes
"Cow peas, dry",195,cowpea
Cranberries,554,cranberry
Cucumbers and gherkins,397,cucumberetc
Currants,550,currant
Dates,577,date
"Edible roots and tubers with high starch or inulin content, n.e.c., fresh",149,rootnes
Eggplants (aubergines),399,eggplant
Figs,569,fig
Fodder crops,2000,alfalfa
Fodder crops,2000,beetfor
Fodder crops,2000,cabbagefor
Fodder crops,2000,carrotfor
Fodder crops,2000,clover
Fodder crops,2000,fornes
Fodder crops,2000,grassnes
Fodder crops,2000,maizefor
Fodder crops,2000,mixedgrass
Fodder crops,2000,oilseedfor
Fodder crops,2000,ryefor
Fodder crops,2000,sorghumfor
Fodder crops,2000,swedefor
Fodder crops,2000,turnipfor
Fodder crops,2000,vegfor
Fonio,94,fonio
"Ginger, raw",720,ginger
Gooseberries,549,gooseberry
Grapes,560,grape
Green corn (maize),446,greencorn
Green garlic,406,garlic
"Groundnuts, excluding shelled",242,groundnut
"Hazelnuts, in shell",225,hazelnut
Hempseed,336,hempseed
Hop cones,677,hop
Jojoba seeds,277,oilseednes
"Jute, raw or retted",780,jute
"Kapok fibre, raw",778,kapokfiber
Karite nuts (sheanuts),263,karite
"Kenaf, and other textile bast fibres, raw or retted",782,fibrenes
Kiwi fruit,592,kiwi
Kola nuts,224,kolanut
Leeks and other alliaceous vegetables,407,vegetablenes
Lemons and limes,497,lemonlime
"Lentils, dry",201,lentil
Lettuce and chicory,372,lettuce
Linseed,333,linseed
Locust beans (carobs),461,carob
Lupins,210,lupin
Maize (corn),56,maize
"Mangoes, guavas and mangosteens",571,mango
Maté leaves,671,mate
Melonseed,299,melonseed
Millet,79,millet
Mixed grain,103,mixedgrain
Mushrooms and truffles,449,mushroom
Mustard seed,292,mustard
Natural rubber in primary forms,836,rubber
"Nutmeg, mace, cardamoms, raw",702,nutmeg
Oats,75,oats
Oil palm fruit,254,oilpalm
Okra,430,okra
Olives,260,olive
"Onions and shallots, green",402,greenonion
"Onions and shallots, green",402,onion
Oranges,490,orange
"Other beans, green",414,greenbean
Other berries and fruits of the genus vaccinium n.e.c.,558,berrynes
"Other citrus fruit, n.e.c.",512,citrusnes
"Other fibre crops, raw, n.e.c.",821,fibrenes
"Other fibre crops, raw, n.e.c.",821,jutelikefiber
"Other fruits, n.e.c.",619,fruitnes
"Other nuts (excluding wild edible nuts and groundnuts), in shell, n.e.c.",234,nutnes
"Other oil seeds, n.e.c.",339,flax
"Other oil seeds, n.e.c.",339,kapokseed
"Other oil seeds, n.e.c.",339,oilseednes
Other pome fruits,542,citrusnes
Other pulses n.e.c.,211,legumenes
Other pulses n.e.c.,211,pulsenes
"Other stimulant, spice and aromatic crops, n.e.c.",723,spicenes
Other stone fruits,541,stonefruitnes
Other sugar crops n.e.c.,161,sugarnes
"Other tropical fruits, n.e.c.",603,tropicalnes
"Other vegetables, fresh n.e.c.",463,vegetablenes
Papayas,600,papaya
Peaches and nectarines,534,peachetc
Pears,521,pear
"Peas, dry",187,pea
"Peas, green",417,greenpea
"Pepper (Piper spp.), raw",687,pepper
"Peppermint, spearmint",748,peppermint
Persimmons,587,persimmon
"Pigeon peas, dry",197,pigeonpea
Pineapples,574,pineapple
"Pistachios, in shell",223,pistachio
Plantains and cooking bananas,489,plantain
Plums and sloes,536,plum
Pomelos and grapefruits,507,grapefruitetc
Poppy seed,296,poppy
Potatoes,116,potato
"Pumpkins, squash and gourds",394,pumpkinetc
"Pyrethrum, dried flowers",754,pyrethrum
Quinces,523,quince
Quinoa,92,quinoa
"Ramie, raw or retted",788,ramie
Rape or colza seed,270,rapeseed
Raspberries,547,rasberry
Rice,27,rice
Rye,71,rye
Safflower seed,280,safflower
"Seed cotton, unginned",328,cotton
Sesame seed,289,sesame
"Sisal, raw",789,sisal
Sorghum,83,sorghum
Sour cherries,530,sourcherry
Soya beans,236,soybean
Spinach,373,spinach
Strawberries,544,strawberry
String beans,423,stringbean
Sugar beet,157,sugarbeet
Sugar cane,156,sugarcane
Sunflower seed,267,sunflower
Sweet potatoes,122,sweetpotato
Tallowtree seeds,305,oilseednes
"Tangerines, mandarins, clementines",495,tangetc
Taro,136,taro
Tea leaves,667,tea
Tomatoes,388,tomato
Triticale,97,triticale
"True hemp, raw or retted",777,hemp
Tung nuts,275,tung
Unmanufactured tobacco,826,tobacco
"Vanilla, raw",692,vanilla
Vetches,205,vetch
"Walnuts, in shell",222,walnut
Watermelons,567,watermelon
Wheat,15,wheat
Yams,137,yam
Yautia,135,yautia
