item_code,item,item_hfubc
809,"Abaca, manila hemp, raw",
800,"Agave fibres, raw, n.e.c.",
221,"Almonds, in shell",Almond
711,"Anise, badian, coriander, cumin, caraway, fennel and juniper berries, raw",
515,Apples,Apple
515,Apples,Apple & Pear
515,Apples,Apple/Pear
515,Apples,Apples
526,Apricots,Apricot
226,Areca nuts,Arecanut
366,Artichokes,Artichoke
367,Asparagus,Asparagus
572,Avocados,Avocado
203,"Bambara beans, dry",
486,Bananas,Banana
44,Barley,Barley
44,Barley,Barley (Spring)
44,Barley,Barley (Spring}
44,Barley,Barley (Winter)
44,Barley,Barley (spring)
44,Barley,Barley (summer)
44,Barley,Barley (winter)
44,Barley,Barley/Summer
44,Barley,Barley/Winter
176,"Beans, dry",
176,"Beans, dry",Azuhi bean
176,"Beans, dry",Bean
176,"Beans, dry",Bean (french)
176,"Beans, dry",Bean (stockfeed)
176,"Beans, dry",Bean/Dry
176,"Beans, dry",Bean/Edible
176,"Beans, dry",Bean/French
176,"Beans, dry",Bean/Lima
176,"Beans, dry",Beans
176,"Beans, dry",Caraota
176,"Beans, dry",Castor bean
176,"Beans, dry",Castorbean
176,"Beans, dry",Dry bean
176,"Beans, dry",Dry beans
176,"Beans, dry",Edible beans
176,"Beans, dry",Lima beans
176,"Beans, dry",Mungbean
176,"Beans, dry",bean
552,Blueberries,
216,"Brazil nuts, in shell",
181,"Broad beans and horse beans, dry",Broadbean
420,"Broad beans and horse beans, green",Broadbean
89,Buckwheat,Buckwheat & millet
358,Cabbages,Cabbage
358,Cabbages,Cabbage (chinese)
358,Cabbages,Cabbage/Chinese
358,Cabbages,Cabbage/Fresh
358,Cabbages,Chinese cabbage
358,Cabbages,Cow cabbage
358,Cabbages,Fresh cabbage
358,Cabbages,Kale
358,Cabbages,cow cabbage
101,Canary seed,
568,Cantaloupes and other melons,
568,Cantaloupes and other melons,Cantaloupe
568,Cantaloupes and other melons,Cantaloupe & melons
568,Cantaloupes and other melons,Cantaloupe/Others
568,Cantaloupes and other melons,Canteloupe
568,Cantaloupes and other melons,Canteloupe/Other
568,Cantaloupes and other melons,Canteloupe/Others
568,Cantaloupes and other melons,Canteloupe/others
568,Cantaloupes and other melons,Honeydew
568,Cantaloupes and other melons,Melon
426,Carrots and turnips,Carrot
426,Carrots and turnips,Turnips (stockfeed)
426,Carrots and turnips,carrot
217,"Cashew nuts, in shell",
591,Cashewapple,
125,"Cassava, fresh",Cassava
265,Castor oil seeds,
393,Cauliflowers and broccoli,Broccoli
393,Cauliflowers and broccoli,Brocoli
393,Cauliflowers and broccoli,Cauliflower
393,Cauliflowers and broccoli,cauliflower
108,Cereals n.e.c.,
108,Cereals n.e.c.,Cereal/Others
108,Cereals n.e.c.,Cereals
108,Cereals n.e.c.,Cereals (Other)
108,Cereals n.e.c.,Cereals (Others)
108,Cereals n.e.c.,Cereals (incl. pulses)
108,Cereals n.e.c.,Cereals (other)
108,Cereals n.e.c.,Cereals mixture
108,Cereals n.e.c.,Cereals/Others
108,Cereals n.e.c.,Other cereals
108,Cereals n.e.c.,cereals (Other)
531,Cherries,
531,Cherries,Cherry
531,Cherries,Cherry/Sweet
531,Cherries,Cherry/Tart
531,Cherries,Sweet cherries
531,Cherries,Tart cherries
220,"Chestnuts, in shell",
191,"Chick peas, dry",Chick pea
191,"Chick peas, dry",Chickpea
191,"Chick peas, dry",Chickpeas
459,Chicory roots,
689,"Chillies and peppers, dry (Capsicum spp., Pimenta spp.), raw",
401,"Chillies and peppers, green (Capsicum spp. and Pimenta spp.)",Bell peppers
401,"Chillies and peppers, green (Capsicum spp. and Pimenta spp.)",Pepper
401,"Chillies and peppers, green (Capsicum spp. and Pimenta spp.)",Pepper & chili
401,"Chillies and peppers, green (Capsicum spp. and Pimenta spp.)",Pepper and chilli
401,"Chillies and peppers, green (Capsicum spp. and Pimenta spp.)","Pepper, green"
401,"Chillies and peppers, green (Capsicum spp. and Pimenta spp.)","Pepper, red"
401,"Chillies and peppers, green (Capsicum spp. and Pimenta spp.)",Pepper/Bell
401,"Chillies and peppers, green (Capsicum spp. and Pimenta spp.)",Pepper/Chili
401,"Chillies and peppers, green (Capsicum spp. and Pimenta spp.)",Pepper/Green
401,"Chillies and peppers, green (Capsicum spp. and Pimenta spp.)",Pepper/Red
401,"Chillies and peppers, green (Capsicum spp. and Pimenta spp.)",Red pepper
693,"Cinnamon and cinnamon-tree flowers, raw",
698,"Cloves (whole stems), raw",
661,Cocoa beans,Cocoa
249,"Coconuts, in shell",Coconut
249,"Coconuts, in shell",coconut
656,"Coffee, green",Coffee
656,"Coffee, green",Coffee green
813,"Coir, raw",
329,Cotton seed,Cotton seed
329,Cotton seed,Cotton/Seed
329,Cotton seed,Cottonseed
195,"Cow peas, dry",
554,Cranberries,Cranberry
397,Cucumbers and gherkins,Cucumber
397,Cucumbers and gherkins,Cucumber/Fresh
397,Cucumbers and gherkins,Fresh cucumbers
397,Cucumbers and gherkins,cucumber
550,Currants,
577,Dates,Date
149,"Edible roots and tubers with high starch or inulin content, n.e.c., fresh",Roots & Tubers (other)
149,"Edible roots and tubers with high starch or inulin content, n.e.c., fresh",Roots & tubers
149,"Edible roots and tubers with high starch or inulin content, n.e.c., fresh",Roots & tubers (other)
149,"Edible roots and tubers with high starch or inulin content, n.e.c., fresh",Roots and Tubers
149,"Edible roots and tubers with high starch or inulin content, n.e.c., fresh",Roots/Tubers
149,"Edible roots and tubers with high starch or inulin content, n.e.c., fresh",Roots/Tubers (Other)
149,"Edible roots and tubers with high starch or inulin content, n.e.c., fresh",Roots/tubers
399,Eggplants (aubergines),Eggplant
569,Figs,Fig
569,Figs,Figs
2000,Fodder crops,Alfalfa
2000,Fodder crops,Clover
2000,Fodder crops,Clover &  Mixtures
2000,Fodder crops,Clover seed
2000,Fodder crops,Clover/Seed
2000,Fodder crops,Fodder
2000,Fodder crops,Fodder (beet)
2000,Fodder crops,Fodder (legume)
2000,Fodder crops,Fodder (legumes)
2000,Fodder crops,Fodder (other)
2000,Fodder crops,Fodder (others)
2000,Fodder crops,Fodder (pulses)
2000,Fodder crops,Fodder Crop
2000,Fodder crops,Fodder Crop (Other)
2000,Fodder crops,Fodder beet
2000,Fodder crops,Fodder crop
2000,Fodder crops,Fodder crop (Non-irrig.)
2000,Fodder crops,Fodder crop (other)
2000,Fodder crops,Fodder crops
2000,Fodder crops,Fodder inc. silage maize
2000,Fodder crops,Fodder roots
2000,Fodder crops,Fodder/Leguminous
2000,Fodder crops,Fodder/Others
2000,Fodder crops,Forage products nes
2000,Fodder crops,Green fodder
2000,Fodder crops,Green forages
2000,Fodder crops,Green manure crop
2000,Fodder crops,Hay
2000,Fodder crops,Leguminous
2000,Fodder crops,Leguminous Fodder
2000,Fodder crops,Leguminous fodder
2000,Fodder crops,Lucerne
2000,Fodder crops,Lucerne (Alfalfa)
2000,Fodder crops,Maize (Green silage)
2000,Fodder crops,Maize (green silage)
2000,Fodder crops,Maize green silage
2000,Fodder crops,Maize/Green Silage
2000,Fodder crops,Meadows (for hay)
2000,Fodder crops,Pasture &  Fodder
2000,Fodder crops,Pasture & Fodder
2000,Fodder crops,Pasture & Fodder (Other)
2000,Fodder crops,Pasture & fodder
2000,Fodder crops,Pasture/Fodder
2000,Fodder crops,Rough
2000,Fodder crops,Silage
2000,Fodder crops,Silage maize
94,Fonio,
720,"Ginger, raw",Ginger
549,Gooseberries,
560,Grapes,Grape
560,Grapes,Vines (grape)
560,Grapes,Vineyard
2001,Grazing,
2001,Grazing,All Grassland (Scotland)
2001,Grazing,Grass
2001,Grazing,Grass-seed
2001,Grazing,Grass/Seed
2001,Grazing,Grassland
2001,Grazing,Grassland & Pasture
2001,Grazing,Grassland (Intensive)
2001,Grazing,Grassland (Moderate)
2001,Grazing,Grassland (Other)
2001,Grazing,Grassland (fertilized)
2001,Grazing,Grassland (intensive)
2001,Grazing,Grassland and Pastures
2001,Grazing,Grassland fertilized
2001,Grazing,Grassland non-fertilized
2001,Grazing,Grassland/Fertilized
2001,Grazing,Grassland/Intensive
2001,Grazing,Grassland/Pasture
2001,Grazing,Grassland/Temporary
2001,Grazing,Grasslands
2001,Grazing,Grasslands & Pasture
2001,Grazing,Grasslands & Pastures
2001,Grazing,Grasslands & pastures
2001,Grazing,Grasslands (Permanent)
2001,Grazing,Grasslands (Temporary)
2001,Grazing,Grasslands (temporary)
2001,Grazing,Grasslands fertilized
2001,Grazing,Pasture
2001,Grazing,Pasture &  Fodder
2001,Grazing,Pasture & Fodder
2001,Grazing,Pasture & Fodder (Other)
2001,Grazing,Pasture & fodder
2001,Grazing,Pasture/Fodder
2001,Grazing,Perennial grass
446,Green corn (maize),
406,Green garlic,Garlic
242,"Groundnuts, excluding shelled",Groundnut
242,"Groundnuts, excluding shelled",Peanut
242,"Groundnuts, excluding shelled",Peanuts
225,"Hazelnuts, in shell",Hazelnut
336,Hempseed,Hemp/Tow
677,Hop cones,Hop
277,Jojoba seeds,
780,"Jute, raw or retted",Jute
780,"Jute, raw or retted",Jute/Kenaf
778,"Kapok fibre, raw",
310,Kapok fruit,
263,Karite nuts (sheanuts),
782,"Kenaf, and other textile bast fibres, raw or retted",Jute/Kenaf
592,Kiwi fruit,Kiwi
592,Kiwi fruit,Kiwifruit
224,Kola nuts,
407,Leeks and other alliaceous vegetables,
497,Lemons and limes,Lemon
497,Lemons and limes,Lemon & lime
497,Lemons and limes,Lime
201,"Lentils, dry",Lentil
201,"Lentils, dry",Lentils
372,Lettuce and chicory,
372,Lettuce and chicory,Head lettuce
372,Lettuce and chicory,Lettuce
372,Lettuce and chicory,Lettuce/Head
372,Lettuce and chicory,Lettuce/Others
372,Lettuce and chicory,Other lettuce
333,Linseed,Linseed
333,Linseed,"Sunflower,  soya, linseed"
333,Linseed,"Sunflower, soybean, linseed"
333,Linseed,"Sunflower. Soya, linseed"
461,Locust beans (carobs),
210,Lupins,
56,Maize (corn),Corn
56,Maize (corn),Grain Maize
56,Maize (corn),Grain maize
56,Maize (corn),Grain maize (including CCM)
56,Maize (corn),Grain maize. incl. CCM
56,Maize (corn),Maize
56,Maize (corn),Maize & Corn
56,Maize (corn),Maize & Grain
56,Maize (corn),Maize (for corn)
56,Maize (corn),Maize green
56,Maize (corn),Maize&Sorghum
56,Maize (corn),Maize/Fresh Sweet
56,Maize (corn),Maize/Grain
56,Maize (corn),Sweet fresh corn
56,Maize (corn),maize
571,"Mangoes, guavas and mangosteens",Mango
671,Maté leaves,
299,Melonseed,
79,Millet,Millet
79,Millet,Millet/Pearl
103,Mixed grain,Mixed grains
449,Mushrooms and truffles,
292,Mustard seed,Mustard
292,Mustard seed,Rape seed & Mustard
292,Mustard seed,Rapeseed & Mustard
836,Natural rubber in primary forms,Rubber
702,"Nutmeg, mace, cardamoms, raw",
75,Oats,Oat
75,Oats,Oat/Rye
75,Oats,Oats
75,Oats,Oats (Others)
75,Oats,Rye & Oat
75,Oats,"Rye,  oat, rice"
75,Oats,"Rye, oat rice"
75,Oats,"Rye, oat, rice"
75,Oats,"Rye, oat. Rice"
75,Oats,Rye/Oat
75,Oats,oat
254,Oil palm fruit,
254,Oil palm fruit,Oil Palm
254,Oil palm fruit,Oil palm
254,Oil palm fruit,Oil-Palm
254,Oil palm fruit,Oil-palm
430,Okra,
260,Olives,Olive
403,"Onions and shallots, dry (excluding dehydrated)",Dry onions
403,"Onions and shallots, dry (excluding dehydrated)",Onion/Dry
402,"Onions and shallots, green",
402,"Onions and shallots, green",Onion
402,"Onions and shallots, green",Onion & shallots
490,Oranges,Orange
414,"Other beans, green",Green beans
558,Other berries and fruits of the genus vaccinium n.e.c.,
558,Other berries and fruits of the genus vaccinium n.e.c.,Berries
558,Other berries and fruits of the genus vaccinium n.e.c.,Berry
558,Other berries and fruits of the genus vaccinium n.e.c.,Mulberry
512,"Other citrus fruit, n.e.c.",Citrus
512,"Other citrus fruit, n.e.c.",Citrus (Other)
512,"Other citrus fruit, n.e.c.",Citrus Fruits
512,"Other citrus fruit, n.e.c.",Citrus fruit
512,"Other citrus fruit, n.e.c.",Citrus fruits
512,"Other citrus fruit, n.e.c.",citrus Fruits
821,"Other fibre crops, raw, n.e.c.",Fibre crops
821,"Other fibre crops, raw, n.e.c.",Fibre flax
821,"Other fibre crops, raw, n.e.c.",Fibres
619,"Other fruits, n.e.c.",Deciduous fruits
619,"Other fruits, n.e.c.",Fruit
619,"Other fruits, n.e.c.",Fruit and vegetables
619,"Other fruits, n.e.c.",Fruit gardens
619,"Other fruits, n.e.c.",Fruit primary and citrus fruits and treenuts
619,"Other fruits, n.e.c.",Fruit/Deciduous
619,"Other fruits, n.e.c.",Fruits
619,"Other fruits, n.e.c.",Fruits & vegetables
619,"Other fruits, n.e.c.",Fruits (Other)
619,"Other fruits, n.e.c.",Fruits (other)
619,"Other fruits, n.e.c.",Fruits/Others
619,"Other fruits, n.e.c.",Fruits/Vegetables
619,"Other fruits, n.e.c.",Orchards
619,"Other fruits, n.e.c.",Others (fruits
619,"Other fruits, n.e.c.","Perm. crops (fruit, vineyard)"
619,"Other fruits, n.e.c.",Perm. crops (fruit. vineyard)
619,"Other fruits, n.e.c.","Permanent Crops (fruit, vineyard)"
619,"Other fruits, n.e.c.","Permanent Crops (fruits, vineyard)"
619,"Other fruits, n.e.c.",Sub-tropical fruits
619,"Other fruits, n.e.c.",Subtropical fruits
234,"Other nuts (excluding wild edible nuts and groundnuts), in shell, n.e.c.",
234,"Other nuts (excluding wild edible nuts and groundnuts), in shell, n.e.c.",Nuts
234,"Other nuts (excluding wild edible nuts and groundnuts), in shell, n.e.c.",Oil Crops/Nuts
234,"Other nuts (excluding wild edible nuts and groundnuts), in shell, n.e.c.",Oil crops & Nuts
234,"Other nuts (excluding wild edible nuts and groundnuts), in shell, n.e.c.",Oil crops & nuts
339,"Other oil seeds, n.e.c.",
339,"Other oil seeds, n.e.c.",Flax
339,"Other oil seeds, n.e.c.",Oil Crops/Nuts
339,"Other oil seeds, n.e.c.",Oil crops
339,"Other oil seeds, n.e.c.",Oil crops & Nuts
339,"Other oil seeds, n.e.c.",Oil crops & nuts
339,"Other oil seeds, n.e.c.",Oil crops (other)
339,"Other oil seeds, n.e.c.",Oils crops & Nuts
339,"Other oil seeds, n.e.c.",Oilseeds
339,"Other oil seeds, n.e.c.",Oilseeds/Others
339,"Other oil seeds, n.e.c.",Oilseeds/Pulses
339,"Other oil seeds, n.e.c.",Other oil crops
339,"Other oil seeds, n.e.c.",Other oil seed
339,"Other oil seeds, n.e.c.",Pulses/oilseeds
542,Other pome fruits,Tangelo
211,Other pulses n.e.c.,
211,Other pulses n.e.c.,Cowpea
211,Other pulses n.e.c.,Gram
211,Other pulses n.e.c.,Oilseeds/Pulses
211,Other pulses n.e.c.,Pulses
211,Other pulses n.e.c.,Pulses (Other)
211,Other pulses n.e.c.,Pulses (for seed)
211,Other pulses n.e.c.,Pulses (other)
211,Other pulses n.e.c.,Pulses(Other)
211,Other pulses n.e.c.,Pulses/Others
211,Other pulses n.e.c.,Pulses/oilseeds
723,"Other stimulant, spice and aromatic crops, n.e.c.",Spices
541,Other stone fruits,Stone and Pipe Fruits
161,Other sugar crops n.e.c.,Sugar crops
603,"Other tropical fruits, n.e.c.",
603,"Other tropical fruits, n.e.c.",Fruit/Sub-Tropical
603,"Other tropical fruits, n.e.c.",Fruits (Trop./Sub-Tr)
603,"Other tropical fruits, n.e.c.",Passionfruit
463,"Other vegetables, fresh n.e.c.",Celery
463,"Other vegetables, fresh n.e.c.",Field vegetables
463,"Other vegetables, fresh n.e.c.",Fruit and vegetables
463,"Other vegetables, fresh n.e.c.",Fruits & vegetables
463,"Other vegetables, fresh n.e.c.",Fruits/Vegetables
463,"Other vegetables, fresh n.e.c.",Leafy Vegetables
463,"Other vegetables, fresh n.e.c.",Radish
463,"Other vegetables, fresh n.e.c.",Vegetable/Others
463,"Other vegetables, fresh n.e.c.",Vegetables
463,"Other vegetables, fresh n.e.c.",Vegetables (Other)
463,"Other vegetables, fresh n.e.c.",Vegetables (Other}
463,"Other vegetables, fresh n.e.c.",Vegetables (covered area)
463,"Other vegetables, fresh n.e.c.",Vegetables (open area)
463,"Other vegetables, fresh n.e.c.",Vegetables (other)
463,"Other vegetables, fresh n.e.c.",Vegetables glasshouse
463,"Other vegetables, fresh n.e.c.",Vegetables/Others
463,"Other vegetables, fresh n.e.c.",vegetables
600,Papayas,Papaya
534,Peaches and nectarines,
534,Peaches and nectarines,Nectarine
534,Peaches and nectarines,Nectarine & peach
534,Peaches and nectarines,Nectarines
534,Peaches and nectarines,Peach
534,Peaches and nectarines,Peach & Plum
534,Peaches and nectarines,Peach/Plum
534,Peaches and nectarines,Peaches
521,Pears,Apple & Pear
521,Pears,Apple/Pear
521,Pears,Pear
521,Pears,Pears
187,"Peas, dry",Pea
187,"Peas, dry","Pea, dry"
187,"Peas, dry",Pea/Dry
187,"Peas, dry","Pulses (pea, bean)"
187,"Peas, dry","Pulses (pea, beans)"
187,"Peas, dry","Pulses (peas, beans)"
187,"Peas, dry",Pulses (peas. beans)
417,"Peas, green","Pea, green"
687,"Pepper (Piper spp.), raw",
748,"Peppermint, spearmint",
587,Persimmons,
197,"Pigeon peas, dry",
574,Pineapples,Pineapple
223,"Pistachios, in shell",Pistachio
489,Plantains and cooking bananas,
489,Plantains and cooking bananas,Banana/Plantain
489,Plantains and cooking bananas,Ensete
489,Plantains and cooking bananas,Plantain
489,Plantains and cooking bananas,Plantain and banana
536,Plums and sloes,
536,Plums and sloes,Peach & Plum
536,Plums and sloes,Peach/Plum
536,Plums and sloes,Plum
507,Pomelos and grapefruits,Grapefruit
296,Poppy seed,Poppy
116,Potatoes,
116,Potatoes,Potato
116,Potatoes,Potato (early)
116,Potatoes,Potato (for starch industry)
116,Potatoes,Potato (ware)
394,"Pumpkins, squash and gourds",Squash
394,"Pumpkins, squash and gourds",Squash and gourd
394,"Pumpkins, squash and gourds",Squash/Gourd
754,"Pyrethrum, dried flowers",
523,Quinces,
92,Quinoa,
788,"Ramie, raw or retted",
270,Rape or colza seed,
270,Rape or colza seed,Oilseed (rape)
270,Rape or colza seed,Oilseed rape
270,Rape or colza seed,Rape
270,Rape or colza seed,Rape seed & Mustard
270,Rape or colza seed,Rapeseed
270,Rape or colza seed,Rapeseed & Canola
270,Rape or colza seed,Rapeseed & Mustard
270,Rape or colza seed,Rapeseed/Winter
547,Raspberries,Raspberry
27,Rice,Paddy
27,Rice,Rice
27,Rice,Rice (Aman)
27,Rice,Rice (Aus)
27,Rice,Rice (Boro)
27,Rice,Rice (irrigated)
27,Rice,Rice (rainfed)
27,Rice,"Rice, paddy"
27,Rice,Rice/Irrigated
27,Rice,Rice/Rainfed
27,Rice,"Rye,  oat, rice"
27,Rice,"Rye, oat rice"
27,Rice,"Rye, oat, rice"
27,Rice,"Rye, oat. Rice"
71,Rye,Oat/Rye
71,Rye,Rye
71,Rye,Rye & Oat
71,Rye,Rye (winter)
71,Rye,"Rye,  oat, rice"
71,Rye,"Rye, oat rice"
71,Rye,"Rye, oat, rice"
71,Rye,"Rye, oat. Rice"
71,Rye,Rye/Oat
280,Safflower seed,Safflower
280,Safflower seed,Safflower seed
328,"Seed cotton, unginned",Cotton
328,"Seed cotton, unginned",Seed cotton
289,Sesame seed,Sesame
789,"Sisal, raw",Sisal
83,Sorghum,Grain Sorghum
83,Sorghum,Maize&Sorghum
83,Sorghum,Sorghum
83,Sorghum,Sorghum/Grain
83,Sorghum,Teff
530,Sour cherries,
236,Soya beans,Soybean
236,Soya beans,Soybeans
236,Soya beans,"Sunflower,  soya, linseed"
236,Soya beans,"Sunflower, soybean, linseed"
236,Soya beans,"Sunflower. Soya, linseed"
373,Spinach,
373,Spinach,Fresh spinach
373,Spinach,Spinach
373,Spinach,Spinach/Fresh
544,Strawberries,Strawberry
423,String beans,
423,String beans,Bean/Fresh Snap
423,String beans,French Bean
423,String beans,French bean
423,String beans,Fresh snap beans
157,Sugar beet,Sugar Beet
157,Sugar beet,Sugar beet
157,Sugar beet,sugar Beet
156,Sugar cane,Sugar Cane
156,Sugar cane,Sugar cane
156,Sugar cane,Sugarcane
156,Sugar cane,sugar Cane
156,Sugar cane,sugar cane
267,Sunflower seed,Sunflower
267,Sunflower seed,Sunflower seed
267,Sunflower seed,"Sunflower,  soya, linseed"
267,Sunflower seed,"Sunflower, soybean, linseed"
267,Sunflower seed,"Sunflower. Soya, linseed"
267,Sunflower seed,sunflower
122,Sweet potatoes,Potato (Sweet)
122,Sweet potatoes,Potato (sweet)
122,Sweet potatoes,Potato sweet
122,Sweet potatoes,"Potato, sweet"
122,Sweet potatoes,Potato/Sweet
305,Tallowtree seeds,
495,"Tangerines, mandarins, clementines",Tangerine
136,Taro,Taro
667,Tea leaves,Tea
388,Tomatoes,Fresh tomatoes
388,Tomatoes,Tomato
388,Tomatoes,Tomato/Fresh
97,Triticale,Triticale
777,"True hemp, raw or retted",
275,Tung nuts,
826,Unmanufactured tobacco,Other (tobacco)
826,Unmanufactured tobacco,Tobacco
826,Unmanufactured tobacco,Tobacco (Burley)
826,Unmanufactured tobacco,Tobacco (Virgina)
826,Unmanufactured tobacco,Tobacco leaves
826,Unmanufactured tobacco,Tobacco/Burley
826,Unmanufactured tobacco,Tobacco/Virginia
692,"Vanilla, raw",
205,Vetches,Vetch
222,"Walnuts, in shell",
567,Watermelons,Water Melon
567,Watermelons,Water-Melon
567,Watermelons,Water-melon
567,Watermelons,WaterMelon
567,Watermelons,Watermelon
15,Wheat,Native Wheat
15,Wheat,Wheat
15,Wheat,Wheat (Durum)
15,Wheat,Wheat (Spring)
15,Wheat,Wheat (Winter)
15,Wheat,Wheat (soft + durum)
15,Wheat,Wheat (spring)
15,Wheat,Wheat (summer)
15,Wheat,Wheat (winter)
15,Wheat,Wheat/Barley irrigated
15,Wheat,Wheat/Barley non-irrig.
15,Wheat,Wheat/Durum
15,Wheat,Wheat/Native
15,Wheat,Wheat/Spring
15,Wheat,Wheat/Winter
137,Yams,Yam
135,Yautia,
